source_id,section_id,start_page,end_page,heading_path,segment_ids,candidate_slug,candidate_type,primary_domain,secondary_domains,stage,contexts,summary,key_concepts,key_actions,tools_materials,failure_modes,safety_boundaries,local_adaptation_signals,needs_split,needs_merge,confidence
src.fema.are-you-ready.2004,seg_000001,1,1,Are You Ready?,seg_000001,emergency-preparedness.citizen-preparedness-guide,concept_note,emergency-preparedness,"",concept,"","An introductory guide to citizen preparedness, focusing on readiness for emergencies.",citizen preparedness|emergency readiness,"","","","","",false,false,0.8
src.fema.are-you-ready.2004,seg_000002,2,2,Preface,seg_000002,emergency-preparedness.general-public-guide,reference_sheet,emergency-preparedness,"",dissemination,"","A guide prepared for the general public to learn how to protect themselves and their families against all types of hazards, including assembling a disaster supplies kit.",hazard awareness|emergency education|disaster preparedness,develop emergency plans|practice emergency plans|maintain emergency plans|assemble disaster supplies kit,disaster supplies kit,incomplete emergency plans|insufficient supplies,"",differences in buildings|infrastructure variations|environmental features,false,false,0.9
src.fema.are-you-ready.2004,seg_000003,3,3,CERT,seg_000003,emergency.cert-program,module,emergency,"",deployment,"","The CERT program trains volunteers to organize and assist in disaster situations, providing immediate aid and gathering intelligence until professional responders arrive.",Community Emergency Response Team|disaster preparedness|volunteer training,organize volunteers|provide immediate assistance|collect disaster intelligence,training materials|disaster preparedness kits,lack of communication|impassable roads,"",local government sponsorship|community-specific hazards,false,false,0.9
src.fema.are-you-ready.2004,seg_000004,4,4,Citizen Corps,seg_000004,emergency-preparedness.citizen-corps-overview,concept_note,emergency-preparedness,"",concept,"","Citizen Corps provides opportunities for public participation in safety measures against crime, terrorism, public health issues, and disasters through education, training, and volunteer programs.",public education|community safety|disaster preparedness,organize public education|conduct citizen training|implement volunteer programs,"","","",local management by Citizen Corps Councils|involvement of community stakeholders,false,false,0.9
src.fema.are-you-ready.2004,seg_000004,4,4,Citizen Corps,seg_000004,emergency-preparedness.citizen-corps-programs,project_blueprint,emergency-preparedness,"",project,"","Citizen Corps includes programs like Neighborhood Watch, CERT, and Medical Reserve Corps, aimed at enhancing community and family safety.",community programs|federal sponsorship,participate in Neighborhood Watch|join CERT|engage with Medical Reserve Corps,"","","",integration with local emergency services,false,false,0.85
src.fema.are-you-ready.2004,seg_000005,5,5,Certificate of Completion,seg_000005,emergency-management.certificate-of-completion,assessment,emergency_management,"",deployment,"","Details the process for obtaining a certificate of completion for the 'Are You Ready?' guide, including the requirement to score at least 75% on a final examination.",certificate of completion|final examination|citizen preparedness,log on to training site|complete final examination|contact FEMA Independent Study Program,internet access|FEMA training website,not achieving 75% score|technical issues with website,"","",false,false,0.9
src.fema.are-you-ready.2004,seg_000006,5,5,Facilitator Guide,seg_000006,disaster-preparedness.facilitator-guide,teach_forward_packet,disaster-preparedness,"",deployment,school children|community organizations|scouts|social groups,"The Facilitator Guide is designed to aid in teaching disaster preparedness to various groups. It includes lesson plans, guidelines for audience engagement, and resources for enhancing training sessions.",disaster preparedness|training delivery|audience engagement,deliver training|use lesson plans|distribute handouts,Facilitator Guide|CD-ROM with teaching aids|electronic visuals|handouts,ineffective audience engagement|lack of resource availability,"",tailor lesson plans to local needs|adapt visuals for local relevance,false,false,0.9
src.fema.are-you-ready.2004,seg_000007,6,6,Table of Contents,seg_000007,preparedness.basic-preparedness,module,preparedness,"",mapping,"","This module covers basic preparedness steps including getting informed, emergency planning, assembling a disaster supplies kit, sheltering, hazard-specific preparedness, and maintaining your plan.",basic preparedness|emergency planning|disaster supplies kit,get informed|create emergency plan|assemble supplies kit,disaster supplies kit,"","","",false,false,0.9
src.fema.are-you-ready.2004,seg_000007,6,6,Table of Contents,seg_000007,preparedness.natural-hazards,module,preparedness,"",mapping,"","This module addresses preparedness for various natural hazards including floods, tornadoes, hurricanes, thunderstorms, winter storms, extreme heat, earthquakes, volcanoes, landslides, tsunamis, fires, and wildfires.",natural hazards|floods|tornadoes|hurricanes,prepare for floods|prepare for tornadoes|prepare for hurricanes,"","","","",false,false,0.9
src.fema.are-you-ready.2004,seg_000007,6,6,Table of Contents,seg_000007,preparedness.technological-hazards,module,preparedness,"",mapping,"","This module focuses on preparedness for technological hazards such as hazardous materials incidents, household chemical emergencies, and nuclear power plant incidents.",technological hazards|hazardous materials|chemical emergencies,prepare for hazardous materials incidents|prepare for chemical emergencies,"","","","",false,false,0.9
src.fema.are-you-ready.2004,seg_000007,6,6,Table of Contents,seg_000007,preparedness.terrorism,module,preparedness,"",mapping,"","This module covers preparedness for terrorism-related incidents including explosions, biological threats, chemical threats, nuclear blasts, and radiological dispersion devices.",terrorism|explosions|biological threats|chemical threats,prepare for explosions|prepare for biological threats|prepare for chemical threats,"","","","",false,false,0.9
src.fema.are-you-ready.2004,seg_000007,6,6,Table of Contents,seg_000007,preparedness.recovering-from-disaster,module,preparedness,"",mapping,"","This module provides guidance on recovering from disasters, including steps to take immediately after an event and longer-term recovery strategies.",disaster recovery,recover from disaster,"","","","",false,false,0.9
src.fema.are-you-ready.2004,seg_000008,8,8,Why Prepare,seg_000008,emergency.preparedness-importance,concept_note,emergency_management,"",concept,"","This section explains the importance of preparing for emergencies, highlighting the potential impacts of disasters and the benefits of being prepared.",importance of preparedness|disaster impacts|benefits of preparation,"","","","","",false,false,0.9
src.fema.are-you-ready.2004,seg_000009,8,8,There are real benefits to being prepared.,seg_000009,emergency-preparedness.benefits-of-preparation,concept_note,emergency-preparedness,"",concept,"","The benefits of being prepared for disasters include reduced fear, anxiety, and losses. Preparedness involves knowing evacuation routes, shelter locations, and basic medical care. It also includes measures like flood proofing and securing items to minimize disaster impact.",disaster preparedness|evacuation|shelter|basic medical care|disaster impact reduction,know evacuation routes|identify shelter locations|prepare for basic medical needs|implement flood proofing|secure items against earthquakes,"","","","",false,false,0.95
src.fema.are-you-ready.2004,seg_000010,8,8,The need to prepare is real.,seg_000010,emergency.preparedness-overview,concept_note,emergency,"",concept,"","An overview of the importance of being prepared for disasters, highlighting the need for self-sufficiency for at least three days.",disaster preparedness|self-sufficiency|local government response,prepare for severe weather|be self-sufficient for three days,"",lack of preparation|inability to be self-sufficient,"","",false,false,0.9
src.fema.are-you-ready.2004,seg_000011,8,8,Using this guide makes preparation practical.,seg_000011,emergency.preparation-guide-usage,reference_sheet,emergency,"",reference,"","Guidance on using the FEMA guide for practical disaster preparation, in conjunction with local emergency management and Red Cross information.",FEMA guide usage|disaster preparation,follow step-by-step advice|consult local emergency management,FEMA guide|local emergency instructions,not using the guide|ignoring local instructions,"","",false,false,0.85
src.fema.are-you-ready.2004,seg_000012,9,10,Using Are You Ready? to Prepare,seg_000012,emergency-preparedness.citizen-role,concept_note,emergency-preparedness,"",concept,"","This section outlines the role of citizens in the national emergency management system, emphasizing the importance of individual preparedness before, during, and after emergencies.",citizen responsibility|emergency management system|preparedness,know risks|develop plans|assemble disaster kit|volunteer,disaster supplies kit|insurance policies,lack of preparedness|inadequate response,"",community-specific risks|local volunteer opportunities,false,false,0.9
src.fema.are-you-ready.2004,seg_000012,9,10,Using Are You Ready? to Prepare,seg_000012,emergency-preparedness.local-community-role,concept_note,emergency-preparedness,"",concept,"","This section describes the responsibilities of local communities in emergency management, including hazard identification, emergency planning, and resource coordination.",local community responsibility|hazard identification|emergency planning,identify hazards|enforce building codes|coordinate emergency plans,emergency supplies|warning systems,insufficient resources|poor coordination,"",local hazard assessment|community resource availability,false,false,0.9
src.fema.are-you-ready.2004,seg_000012,9,10,Using Are You Ready? to Prepare,seg_000012,emergency-preparedness.state-and-federal-role,concept_note,emergency-preparedness,"",concept,"","This section outlines the roles of state and federal governments in supporting local emergency management efforts, including resource provision and coordination.",state support|federal support|resource provision,provide supplemental resources|coordinate plans|offer training programs,financial grants|educational materials,resource gaps|conflicting activities,"",state-specific programs|federal assistance availability,false,false,0.9
src.fema.are-you-ready.2004,seg_000013,10,11,Part 1: Basic Preparedness,seg_000013,preparedness.basic-preparedness,module,preparedness,"",planning,"","A module providing worksheets and guidance for developing a community-based emergency plan, including hazard identification, evacuation routes, communication strategies, and disaster supplies checklists.",community hazard identification|emergency communication|evacuation planning|disaster supplies kit,obtain community hazard information|develop family communication plan|create evacuation routes|assemble disaster supplies kit,worksheets|checklists,incomplete hazard identification|lack of communication plan,"",community-specific hazards|local evacuation routes,false,false,0.9
src.fema.are-you-ready.2004,seg_000014,11,11,Part 2: Natural Hazards,seg_000014,hazards.natural-hazards,reference_sheet,hazards,"",awareness,"","A reference sheet listing various natural hazards such as floods, hurricanes, and earthquakes, which should be considered in emergency planning.",natural hazards|emergency planning,"","","","","",false,false,0.8
src.fema.are-you-ready.2004,seg_000015,11,11,Part 3: Technological Hazards,seg_000015,hazards.technological-hazards,reference_sheet,hazards,"",awareness,"",A reference sheet listing technological hazards such as hazardous materials incidents and nuclear power plant emergencies for consideration in emergency planning.,technological hazards|emergency planning,"","","","","",false,false,0.8
src.fema.are-you-ready.2004,seg_000016,11,11,Part 4: Terrorism,seg_000016,hazards.terrorism,reference_sheet,hazards,"",awareness,"",A reference sheet listing terrorism-related hazards such as explosions and biological threats for consideration in emergency planning.,terrorism hazards|emergency planning,"","","","","",false,false,0.8
src.fema.are-you-ready.2004,seg_000017,11,11,Part 5: Recovering from Disaster,seg_000017,recovery.disaster-recovery,module,recovery,"",recovery,"","A module providing guidelines for health and safety, returning home, seeking disaster assistance, coping with disaster, and helping others after a disaster.",disaster recovery|health and safety|disaster assistance,follow health and safety guidelines|seek disaster assistance|support community recovery,"",inadequate recovery planning,"","",false,false,0.85
src.fema.are-you-ready.2004,seg_000018,12,12,References,seg_000018,emergency-management.reference-sources,reference_sheet,emergency-management,"",reference,"","A list of reference sources and publications from FEMA and other organizations like the American Red Cross, National Weather Service, CDC, and USGS, providing additional information on emergency preparedness topics.",reference sources|emergency preparedness,contact organizations for publications,FEMA publications|American Red Cross publications|National Weather Service resources|CDC resources|USGS resources,"","","",false,false,0.9
src.fema.are-you-ready.2004,seg_000019,13,13,Disaster Public Education Web sites,seg_000019,disaster-preparedness.education-websites,reference_sheet,disaster-preparedness,public-education,reference,disaster-preparedness|public-education,A reference sheet listing government and non-government websites for disaster preparedness education.,disaster preparedness|public education|online resources,review websites|conduct searches,internet access,outdated links|incomplete information,"",availability of local websites,false,false,0.9
src.fema.are-you-ready.2004,seg_000020,14,14,1 Basic Preparedness,seg_000020,preparedness.basic-strategies,module,preparedness,"",concept,"","This module covers basic preparedness strategies applicable to all disasters, including planning, information gathering, and practice.",preparedness strategies|emergency planning|disaster supplies kit,Get informed about hazards|Develop an emergency plan|Collect disaster supplies|Identify community warning systems,disaster supplies kit,Incomplete emergency plan|Lack of practice,"",Community-specific evacuation routes|Local warning systems,false,false,0.9
src.fema.are-you-ready.2004,seg_000021,16,16,1.1,seg_000021,emergency-preparedness.basic-awareness,concept_note,emergency-preparedness,"",concept,"","An introduction to basic emergency preparedness awareness, focusing on the importance of being informed and ready for various types of emergencies.",emergency preparedness|awareness|information,stay informed|prepare emergency kits,emergency kit checklist,lack of information|unpreparedness,"",regional emergency types,false,false,0.9
src.fema.are-you-ready.2004,seg_000022,16,17,Getting Informed,seg_000022,emergency-preparedness.getting-informed,concept_note,emergency-preparedness,"",concept,"","Learn about the hazards that may strike your community, the risks you face from these hazards, and your community's plans for warning and evacuation.",community hazards|risk assessment|emergency plans,obtain information from local emergency management|record community hazard information,local emergency management office|American Red Cross,lack of information|incomplete risk assessment,"",community-specific hazards|local emergency protocols,false,false,0.9
src.fema.are-you-ready.2004,seg_000023,17,18,Hazards,seg_000023,emergency.hazard-assessment-worksheet,worksheet,emergency,"",assessment,"",A worksheet to record findings and suggestions for reducing family risk from various hazards and emergencies.,hazard assessment|risk reduction,consult local authorities|record risk levels|identify risk reduction strategies,hazard maps,incomplete risk assessment|failure to consult authorities,"",local hazard types|community resources,false,false,0.9
src.fema.are-you-ready.2004,seg_000024,19,19,Warning Systems and Signals,seg_000024,emergency.warning-systems,reference_sheet,emergency,"",concept,"",Overview of national and local emergency warning systems including the Emergency Alert System (EAS) and NOAA Weather Radio (NWR).,Emergency Alert System|NOAA Weather Radio,Check local radio and TV station participation in EAS|Determine availability of NOAA Weather Radio|Consult local authorities on community warning methods,NOAA weather radio receiver,Lack of awareness of local warning systems,"",Availability of NOAA Weather Radio|Participation of local stations in EAS,false,false,0.9
src.fema.are-you-ready.2004,seg_000025,20,20,Evacuating Yourself and Your Family,seg_000025,emergency.evacuating-family,skill_guide,emergency,"",planning,"","Guidance on evacuating yourself and your family during community evacuations, including understanding local warnings and planning ahead for different types of hazards.",community evacuation|local warnings|hazard awareness|emergency planning,monitor local media|respond to sirens or calls|plan evacuation routes|prepare emergency kits,emergency kit|communication devices,insufficient preparation time|lack of awareness of warnings,"",local warning systems|regional hazard types,false,false,0.9
src.fema.are-you-ready.2004,seg_000026,20,20,Evacuation: More Common than You Realize,seg_000026,emergency.evacuation-awareness,concept_note,emergency,"",concept,"","Evacuations occur frequently due to various emergencies like industrial accidents, fires, floods, and hurricanes. Understanding the frequency and causes of evacuations can help in preparedness.",evacuation frequency|emergency causes,ask local authorities about evacuation routes|record specific evacuation route directions,"","","",availability of local evacuation maps,false,false,0.9
src.fema.are-you-ready.2004,seg_000027,21,21,Evacuation Guidelines,seg_000027,emergency.evacuation-guidelines,reference_sheet,emergency,"",guideline,"","Guidelines for evacuation include maintaining a full tank of gas, making transportation arrangements, listening to local instructions, and securing your home. Additional steps if time permits include gathering supplies and notifying others of your plans.",evacuation preparation|emergency response,keep a full tank of gas|make transportation arrangements|listen to battery-powered radio|gather family and evacuate|follow evacuation routes,battery-powered radio|disaster supplies kit,running out of gas|taking blocked shortcuts,avoid flooded areas|stay away from downed power lines,"",false,false,0.95
src.fema.are-you-ready.2004,seg_000028,22,22,Community and Other Plans,seg_000028,emergency.community-planning,concept_note,emergency_preparedness,"",concept,"","Guidance on understanding and engaging with community disaster/emergency plans, including workplace and school plans.",community disaster plans|workplace emergency policies|school disaster procedures,Ask local officials about community plans|Inquire about workplace disaster policies|Discuss disaster procedures with schools,"",Lack of awareness of community plans|Inadequate workplace policies|Uninformed about school procedures,"",Community-specific hazards|Frequency of plan updates,false,false,0.9
src.fema.are-you-ready.2004,seg_000029,22,22,School Emergency Plans,seg_000029,emergency.school-emergency-plans,reference_sheet,emergency,"",concept,school|emergency preparedness,"Guidelines for understanding and engaging with school emergency plans, including communication, supplies, and shelter-in-place procedures.",school emergency plan|communication during crisis|shelter-in-place,ask about communication methods|inquire about supplies|understand shelter-in-place procedures,"",inadequate communication|insufficient supplies|locked access during emergencies,"",local media monitoring|following local emergency officials,false,false,0.9
src.fema.are-you-ready.2004,seg_000030,23,23,Workplace Plans,seg_000030,emergency.workplace-evacuation-plan,project_blueprint,emergency,"",planning,workplace|employer,"Guidelines for creating and maintaining a workplace building evacuation plan, including regular practice and securing HVAC systems.",building evacuation plan|HVAC security|emergency supplies,develop evacuation plan|practice evacuation|assess HVAC system|stock emergency supplies,evacuation plan template|HVAC assessment checklist|emergency supply list,inadequate evacuation practice|unsecured HVAC system|insufficient emergency supplies,"",regional HVAC standards|local emergency supply needs,false,false,0.9
src.fema.are-you-ready.2004,1.2,24,24,1.2,seg_000031,emergency.preparedness-basics,concept_note,emergency_management,"",concept,"","This section introduces the basics of emergency preparedness, emphasizing the importance of being informed and having a plan.",emergency preparedness|being informed|having a plan,"","","","","",false,false,0.9
src.fema.are-you-ready.2004,seg_000032,24,25,Emergency Planning and Checklists,seg_000032,emergency.family-disaster-plan,project_blueprint,emergency_preparedness,"",planning,"","A project blueprint for creating a family disaster plan, including escape routes, communication, utility management, and special needs considerations.",family disaster plan|emergency communication|utility shut-off|special needs,gather family members|review community emergency information|discuss emergency scenarios,"",lack of communication|incomplete plan,"",community-specific evacuation routes|local warning systems,false,false,0.9
src.fema.are-you-ready.2004,seg_000033,25,25,Escape Routes,seg_000033,safety.escape-routes,project_blueprint,safety,"",local deployment,home safety|emergency preparedness,"A project blueprint for creating and posting escape route plans in homes, including establishing meeting points for emergencies.",escape routes|emergency meeting points,draw floor plans|mark escape routes|post drawings at eye level,blank sheets of paper|writing tools,unclear escape routes|plans not visible to children,"",different home layouts|local meeting point options,false,false,0.95
src.fema.are-you-ready.2004,seg_000034,26,26,Family Communications,seg_000034,emergency.family-communications-plan,project_blueprint,emergency,"",planning,"",A project blueprint for creating a family communications plan to ensure contact during disasters.,family communication|disaster preparedness|contact card,Complete a contact card for each family member|Select an out-of-state contact|Distribute contact cards|Post family communications plan,contact card|family communications plan template,Inaccessible contact information|Outdated contact details,"",Cultural preferences for communication|Availability of communication tools,false,false,0.95
src.fema.are-you-ready.2004,seg_000035,26,27,Utility Shut-off and Safety,seg_000035,safety.utility-shutoff-procedures,skill_guide,safety,"",guidance,"",Guidance on shutting off utilities like natural gas and water during disasters to prevent hazards.,utility shut-off|natural gas safety|water conservation,contact local utility companies for shut-off procedures|practice shut-off procedures without turning off utilities|evacuate if gas leak is suspected|shut off water at main house valve,special tool for street valve,incorrect shut-off procedure|attempting to turn gas back on without professional help,do not attempt to turn gas back on yourself,modify shut-off procedures based on local utility company guidance,false,false,0.9
src.fema.are-you-ready.2004,seg_000036,27,28,Preparing to Shut Off Water,seg_000036,emergency.water-shutoff-preparation,skill_guide,emergency,"",preparation,"","Guide on preparing to shut off the water supply in an emergency, including locating and labeling the shut-off valve.",water shut-off valve|emergency preparedness,locate shut-off valve|ensure valve functionality|label valve|educate household members,valve tag,valve rusted open|valve partially closes,"","",false,false,0.9
src.fema.are-you-ready.2004,seg_000036,27,28,Preparing to Shut Off Water,seg_000036,emergency.electricity-shutoff-preparation,skill_guide,emergency,"",preparation,"",Guide on preparing to shut off electricity in an emergency to prevent ignition of leaking natural gas.,electricity shut-off|emergency preparedness,educate household members on electricity shut-off,"","",avoid sparks near gas leaks,"",false,false,0.85
src.fema.are-you-ready.2004,seg_000037,28,28,Preparing to Shut Off Electricity,seg_000037,safety.shut-off-electricity,skill_guide,safety,"",deployment,"",Guide on how to safely shut off electricity in a household by locating the circuit box and teaching responsible members to shut off circuits.,circuit box|main circuit breaker,Locate circuit box|Teach household members to shut off electricity,"",Not shutting off individual circuits before main breaker,Shut off individual circuits before main breaker,"",false,false,0.95
src.fema.are-you-ready.2004,seg_000038,28,28,Insurance and Vital Records,seg_000038,preparedness.insurance-review,skill_guide,preparedness,"",skills,"","Guide on obtaining and reviewing insurance policies to ensure adequate coverage for property, health, and life against possible hazards.",insurance|coverage|hazards,obtain insurance|review policies,insurance policy documents,inadequate coverage|expired policies,"",local insurance requirements,false,false,0.9
src.fema.are-you-ready.2004,seg_000039,28,29,Flood Insurance,seg_000039,insurance.flood-insurance,concept_note,insurance,"",concept,"",Discusses the importance of purchasing flood insurance for those in flood-prone areas to mitigate flood loss risks.,flood insurance|risk reduction|recovery,consider purchasing flood insurance,"","","","",false,false,0.9
src.fema.are-you-ready.2004,seg_000039,28,29,Inventory Home Possessions,seg_000039,preparedness.inventory-home-possessions,skill_guide,preparedness,"",skill,"","Guides on creating an inventory of personal property for insurance purposes, including taking photos or videos.",personal property inventory|insurance documentation,record personal property|take photos or videos,camera|Household and Personal Property Inventory Book,"","","",false,false,0.95
src.fema.are-you-ready.2004,seg_000039,28,29,Important Documents,seg_000039,preparedness.important-documents,skill_guide,preparedness,"",skill,"",Advises on storing important documents safely and making copies for a disaster supplies kit.,document safety|disaster preparedness,store documents in a safe place|make copies for disaster kit,safety deposit box,"","","",false,false,0.9
src.fema.are-you-ready.2004,seg_000039,28,29,Money,seg_000039,preparedness.emergency-savings,concept_note,preparedness,"",concept,"",Recommends saving money in an emergency account and keeping cash or traveler's checks accessible for crises.,emergency savings|financial preparedness,save money in emergency account|keep cash accessible,"","","","",false,false,0.9
src.fema.are-you-ready.2004,seg_000040,29,29,Special Needs,seg_000040,emergency-preparedness.special-needs,reference_sheet,emergency-preparedness,"",concept,"","Guidance on additional steps for individuals with special needs during emergencies, including hearing and mobility impairments, language barriers, and dietary restrictions.",special needs|emergency preparedness|disability considerations,arrange for special warnings|plan for shelter assistance|seek community support|ensure transportation|prepare emergency food supply,"",lack of communication|inadequate transportation|insufficient food supply,"",community and cultural group involvement|language-specific resources,false,false,0.9
src.fema.are-you-ready.2004,seg_000041,29,30,Planning for Special Needs,seg_000041,emergency.special-needs-planning,skill_guide,emergency,"",planning,special needs|community assistance|emergency preparedness,"Guidance for individuals with special needs to prepare for emergencies, including community registration, creating support networks, and maintaining necessary supplies.",special needs|emergency preparedness|community assistance,Register with local emergency services|Create a support network|Discuss needs with employer|Prepare specialized items,escape chair|wheelchair batteries|oxygen|catheters|medication|service animal food,lack of registration with emergency services|inadequate support network|insufficient supply of specialized items,"",availability of community assistance|building management cooperation,false,false,0.9
src.fema.are-you-ready.2004,seg_000042,30,31,Caring for Animals,seg_000042,emergency-preparedness.caring-for-pets,skill_guide,emergency-preparedness,"",guidelines,disaster-preparation|pet-care,"Guidelines for preparing a disaster plan for pets, including identifying shelters, gathering supplies, ensuring proper ID and records, and preparing carriers.",pet disaster plan|shelter identification|pet supplies|veterinarian records,Identify shelters|Gather supplies|Ensure ID and records|Prepare carriers,pet carrier|leash|veterinary records,Lack of shelter options|Insufficient supplies|Missing ID or records,Pets not allowed in emergency shelters,Local shelter policies|Pet-friendly accommodations,false,false,0.9
src.fema.are-you-ready.2004,seg_000042,30,31,Caring for Animals,seg_000042,emergency-preparedness.caring-for-large-animals,skill_guide,emergency-preparedness,"",guidelines,disaster-preparation|large-animal-care,"Guidelines for preparing a disaster plan for large animals, including identification, evacuation routes, transport logistics, and destination preparation.",large animal disaster plan|evacuation routes|transport logistics,Ensure identification|Map evacuation routes|Prepare transport vehicles,vehicles|trailers|handling equipment,Inadequate transport|Unprepared destinations|Lack of identification,Handling large animals safely during transport,Availability of transport|Local evacuation routes,false,false,0.9
src.fema.are-you-ready.2004,seg_000043,31,31,Safety Skills,seg_000043,safety.first-aid-cpr-training,skill_guide,safety,"",initial,emergency preparedness|family safety,"Guidance on learning first aid and CPR, including taking classes and obtaining certification from the American Red Cross.",first aid|CPR|certification|good Samaritan law,take a first aid class|take a CPR class|obtain certification,first aid kit|CPR training materials,incorrect administration of first aid|lack of certification,ensure proper training before administering aid,availability of local Red Cross chapters,false,false,0.95
src.fema.are-you-ready.2004,seg_000043,31,31,Safety Skills,seg_000043,safety.fire-extinguisher-use,skill_guide,safety,"",initial,fire safety|home safety,Instruction on the proper use of a fire extinguisher as a critical safety skill for family members.,fire extinguisher|fire safety,learn how to use a fire extinguisher,fire extinguisher,incorrect use of fire extinguisher,ensure familiarity with fire extinguisher before use,availability of fire safety training,false,false,0.9
src.fema.are-you-ready.2004,seg_000044,31,31,Learn How to Use a Fire,seg_000044,safety.fire-extinguisher-use,skill_guide,safety,"",deployment,"","Guidance on ensuring everyone knows how to use a fire extinguisher and its location, recommending at least an ABC type.",fire extinguisher types|fire safety,learn fire extinguisher use|locate fire extinguisher,ABC type fire extinguisher,incorrect extinguisher type|unfamiliarity with use,"",availability of ABC type extinguishers,false,false,0.9
src.fema.are-you-ready.2004,1.3,32,32,1.3,seg_000045,emergency.preparedness-basics,concept_note,emergency_management,"",concept,"","This section introduces the basics of emergency preparedness, emphasizing the importance of being ready for various types of emergencies.",emergency preparedness|risk awareness|preparedness planning,identify potential emergencies|develop a family emergency plan|assemble an emergency supply kit,emergency supply kit,lack of preparedness|incomplete emergency plan,"",regional risk factors|community resources,false,false,0.9
src.fema.are-you-ready.2004,seg_000046,32,33,Assemble a Disaster Supplies Kit,seg_000046,emergency-preparedness.disaster-supplies-kit,project_blueprint,emergency-preparedness,"",concept,"",Guidelines for assembling a disaster supplies kit to ensure self-sufficiency for at least three days post-disaster.,self-sufficiency|emergency preparedness|basic needs,assemble supplies|prepare for evacuation,food|water|basic supplies,insufficient supplies|inability to evacuate,"",availability of supplies|local disaster risks,false,false,0.9
src.fema.are-you-ready.2004,seg_000047,33,33,Kit Locations,seg_000047,emergency.kit-locations,reference_sheet,emergency_preparedness,"",draft,home|work|vehicle,"Guidelines for preparing emergency supply kits for home, work, and vehicles, ensuring readiness for evacuation or sheltering.",emergency preparedness|supply kit|evacuation readiness,prepare supply kits|store kits in accessible locations|ensure all family members know kit locations,food|water|first aid supplies|flares|jumper cables|walking shoes,kit not accessible|insufficient supplies|lack of awareness of kit location,"",regional climate considerations|workplace policies,false,false,0.9
src.fema.are-you-ready.2004,seg_000048,34,35,Water,seg_000048,emergency.water-storage,skill_guide,emergency_preparedness,"",deployment,"","Guidelines for storing water for emergency situations, including recommended quantities, storage containers, and sanitization procedures.",water storage|emergency preparedness|sanitization,store at least one gallon of water per person per day|use commercially bottled water or food-grade containers|sanitize containers with bleach solution,commercially bottled water|food-grade water storage containers|non-scented liquid household chlorine bleach,using improper containers|inadequate sanitization,"",availability of commercially bottled water|local climate conditions,false,false,0.95
src.fema.are-you-ready.2004,seg_000049,35,36,Food,seg_000049,emergency.food-supply-preparation,reference_sheet,emergency,"",planning,"","Guidelines for preparing food supplies for emergencies, focusing on non-perishable items and special dietary needs.",non-perishable food|special dietary needs|manual can opener,avoid foods that make you thirsty|stock non-refrigerated items|include manual can opener,manual can opener,including foods that require refrigeration or cooking,"",availability of local food supplies|cultural dietary preferences,false,false,0.95
src.fema.are-you-ready.2004,seg_000050,36,36,Basic Disaster Supplies Kit,seg_000050,emergency-preparedness.basic-disaster-supplies-kit,reference_sheet,emergency-preparedness,"",concept,"","A reference sheet detailing the recommended items for a basic disaster supplies kit, including food, water, clothing, and other essentials.",disaster preparedness|emergency supplies,assemble supplies|consider climate needs|account for family changes,non-perishable food|water|battery-powered radio|flashlight|first aid kit|sanitation items|matches|whistle|clothing|cash,incomplete kit|expired supplies|inadequate clothing for climate,"",climate considerations|family-specific needs,false,false,0.95
src.fema.are-you-ready.2004,seg_000051,37,37,Maintaining Your Disaster Supplies Kit,seg_000051,emergency-preparedness.disaster-supplies-maintenance,skill_guide,emergency-preparedness,"",maintenance,"",Guidelines for maintaining a disaster supplies kit to ensure safety and readiness.,disaster preparedness|supplies maintenance,"store canned foods in a cool, dry place|use airtight containers for boxed food|discard damaged canned goods|rotate food supplies|update kit annually",plastic or metal containers|airtight plastic bags|storage containers like trashcan or backpack,food spoilage|pest infestation|outdated supplies,"",climate considerations|family size changes,false,false,0.95
src.fema.are-you-ready.2004,seg_000052,38,39,1.4 Shelter,seg_000052,emergency.sheltering-strategies,concept_note,emergency,"",concept,"","This section discusses strategies for taking shelter during disasters, including choosing safe locations based on specific hazards, and managing supplies and behavior in mass care shelters.",sheltering|hazard-specific safety|mass care facilities,choose safe shelter location|bring disaster supplies kit|cooperate with shelter managers,disaster supplies kit|radio,choosing unsafe shelter location|lack of cooperation in shelters,no alcoholic beverages or weapons|restricted smoking,shelter location based on local hazards,false,false,0.95
src.fema.are-you-ready.2004,seg_000053,39,40,Managing Water,seg_000053,emergency.water-management,skill_guide,emergency,"",deployment,"","Guidelines for managing water during emergencies, including consumption needs, avoiding contamination, and accessing stored water.",water consumption needs|water rationing|contaminated water treatment|water source protection,Allow people to drink according to their needs|Never ration water unless ordered|Drink uncontaminated water first|Avoid carbonated beverages|Turn off main water valves,water valves|hot-water tank,dehydration|contaminated water consumption,Do not drink less than one quart of water daily|Ensure water is treated if suspicious,availability of water treatment methods|local water contamination reports,false,false,0.95
src.fema.are-you-ready.2004,seg_000054,40,41,Review > Section 1.2: Emergency Planning and Checklists,seg_000054,emergency.water-sources,reference_sheet,emergency,"",concept,"",A reference sheet listing safe and unsafe water sources during emergencies.,Safe water sources|Unsafe water sources,"","","","","",false,false,0.9
src.fema.are-you-ready.2004,seg_000054,40,41,"Review > How I Should Store Water, Section 1.3",seg_000054,emergency.water-treatment-methods,skill_guide,emergency,"",skill,"","A guide on treating water of uncertain quality using boiling, chlorination, and distillation.",Water treatment|Emergency water purification,Boiling water|Chlorinating water|Distilling water,Coffee filters|Clean cloth,Improper treatment leading to illness,"","",false,false,0.95
src.fema.are-you-ready.2004,seg_000055,41,41,Boiling,seg_000055,emergency.water-boiling,skill_guide,emergency,"",practical,"",Guidance on boiling water as a method to ensure safe drinking water during emergencies.,water purification|boiling,bring water to a rolling boil|boil for 1 minute|cool before drinking|pour between containers to improve taste,large pot|kettle|clean containers,insufficient boiling time|contaminated containers,"",altitude adjustments for boiling time,false,false,0.95
src.fema.are-you-ready.2004,seg_000056,41,41,Chlorination,seg_000056,emergency.chlorination,skill_guide,emergency,"",deployment,"",Guidelines for using household liquid bleach to disinfect water by killing microorganisms.,chlorination|disinfection|sodium hypochlorite,Use regular household liquid bleach with 5.25 to 6.0 percent sodium hypochlorite.|Add 16 drops of bleach per gallon of water.|Stir and let stand for 30 minutes.|Ensure water has a slight bleach odor.,household liquid bleach|measuring spoon|stirring utensil,Using scented or color-safe bleach|Using bleach with added cleaners|Using expired bleach|Incorrect dosage,"",Availability of regular household bleach,false,false,0.95
src.fema.are-you-ready.2004,seg_000057,41,42,Distillation,seg_000057,emergency.distillation-technique,skill_guide,emergency,"",skills,"","A guide on how to distill water to remove microbes, heavy metals, salts, and other impurities.",distillation|water purification|microbe removal,boil water|collect vapor|condense vapor,pot|cup|lid,cup dangling into water|insufficient boiling time,"",availability of pots and cups|local water impurity levels,false,false,0.95
src.fema.are-you-ready.2004,seg_000058,42,42,Effectiveness of Water Treatment Methods,seg_000058,emergency.water-treatment-methods,reference_sheet,emergency,"",concept,"",A reference sheet detailing the effectiveness of different water treatment methods in killing microbes and removing contaminants.,water treatment|boiling|chlorination|distillation,boil water|chlorinate water|distill water,heat source|chlorine tablets|distillation apparatus,incomplete boiling|incorrect chlorine dosage|improper distillation setup,"",availability of heat source|access to chlorine|distillation equipment availability,false,false,0.95
src.fema.are-you-ready.2004,seg_000059,42,42,Managing Food Supplies,seg_000059,emergency-preparedness.managing-food-supplies,skill_guide,emergency-preparedness,"",skills,disaster preparedness|household management,"Guidance on managing food supplies during emergencies, including storage, rotation, and selection of non-perishable items.",food storage|emergency supplies|non-perishable foods,store food|rotate supplies|select appropriate items,storage containers|shelves|labels,spoilage|insufficient supplies|contamination,avoid expired foods|ensure proper storage conditions,availability of local food items|climate impact on storage,false,false,0.9
src.fema.are-you-ready.2004,seg_000060,42,43,Safety and Sanitation,seg_000060,emergency.food-safety-and-sanitation,reference_sheet,emergency,"",deployment,"","Guidelines for maintaining food safety and sanitation during emergencies, including proper food storage, handling, and alternative cooking methods.",food safety|sanitation|emergency preparedness,Keep food in covered containers|Keep utensils clean|Dispose of garbage properly|Wash hands frequently|Discard contaminated food,soap|boiled or disinfected water|canned baby formula|candle warmers|chafing dishes|fondue pots|fireplace|charcoal grills|camp stoves|dry ice,food contamination|sanitation issues|fire hazards,Use charcoal grills and camp stoves outdoors only|Handle dry ice with heavy gloves,availability of dry ice|access to alternative cooking sources,false,false,0.95
src.fema.are-you-ready.2004,seg_000061,44,45,1.5 Hazard-Specific Preparedness,seg_000061,emergency.hazard-specific-preparedness,module,emergency,"",preparedness,"","Guidance on actions to take before, during, and after specific hazards, including seeking shelter during a tornado and reducing property loss from a hurricane. Encourages studying specific hazard information and integrating it into family disaster plans.",hazard-specific actions|preparedness|family disaster plan,seek safe shelter during tornado|reduce property loss from hurricane|study hazard-specific information|share information with family,"","","",identify local hazards|customize family disaster plan,false,false,0.9
src.fema.are-you-ready.2004,1.6,46,46,1.6,seg_000062,emergency.preparedness-checklist,reference_sheet,emergency_management,"",local deployment,"","A checklist for emergency preparedness, detailing essential items and actions to take in preparation for emergencies.",emergency preparedness|checklist,gather supplies|prepare emergency kit,emergency kit|checklist,incomplete kit|missing critical items,"",regional specific items|cultural considerations,false,false,0.9
src.fema.are-you-ready.2004,seg_000063,46,47,Practicing and Maintaining Your Plan,seg_000063,emergency.preparedness-plan-maintenance,skill_guide,emergency_preparedness,"",practice,"","Guidance on practicing and maintaining an emergency preparedness plan, including conducting drills and updating supplies.",emergency plan practice|plan maintenance|disaster preparedness,ask questions about plan details|conduct drills|test fire alarms|update disaster supplies,fire alarms|disaster supplies,forgetting plan details|outdated supplies,"",local emergency procedures,false,false,0.95
src.fema.are-you-ready.2004,seg_000064,47,47,For More Information,seg_000064,disaster-preparedness.coloring-book,concept_note,disaster-preparedness,"",concept,children,A coloring book designed for children ages 3-10 to educate them on disaster preparedness.,disaster preparedness|children education,engage children in learning through coloring,coloring book,lack of engagement,"",availability in Spanish,false,false,0.9
src.fema.are-you-ready.2004,seg_000077,56,56,For More Information,seg_000077,flood-preparedness.homeowners-guide,reference_sheet,flood-preparedness,"",reference,homeowners,Guides for homeowners on how to retrofit and protect homes from flooding.,flood protection|home retrofitting,implement retrofitting techniques,brochure|manual,improper retrofitting,"","",false,false,0.85
src.fema.are-you-ready.2004,seg_000089,65,65,For More Information,seg_000089,tornado-safety.fact-sheet,reference_sheet,tornado-safety,"",reference,general public,"Fact sheet providing safety tips for before, during, and after a tornado.",tornado safety,follow safety tips,fact sheet,not following safety tips,"","",false,false,0.9
src.fema.are-you-ready.2004,seg_000106,73,73,For More Information,seg_000106,hurricane-preparedness.community-training,module,hurricane-preparedness,"",training,emergency managers,Training course for emergency managers on community hurricane preparedness.,hurricane preparedness|community training,participate in training,CD-ROM|web-based course,lack of training participation,"","",false,false,0.88
src.fema.are-you-ready.2004,seg_000156,100,100,For More Information,seg_000156,earthquake-preparedness.home-hazard-hunt,project_blueprint,earthquake-preparedness,"",implementation,homeowners,Blueprint for conducting a home hazard hunt and earthquake drill.,earthquake safety|home hazard identification,conduct hazard hunt|perform earthquake drill,checklist,missed hazards,"","",false,false,0.9
src.fema.are-you-ready.2004,seg_000189,122,122,For More Information,seg_000189,fire-recovery.after-the-fire,reference_sheet,fire-recovery,"",recovery,homeowners,"Guide for recovering from a fire, including first steps and insurance considerations.",fire recovery|insurance,follow recovery steps,booklet,delayed recovery,"","",false,false,0.85
src.fema.are-you-ready.2004,seg_000193,127,127,For More Information,seg_000193,wildfire-preparedness.safety-tips,reference_sheet,wildfire-preparedness,"",preparedness,general public,Safety tips and mitigation techniques for wildfire preparedness.,wildfire safety|mitigation,implement safety tips,pamphlet,inadequate preparation,"","",false,false,0.87
src.fema.are-you-ready.2004,seg_000215,139,139,For More Information,seg_000215,hazardous-materials.safety-guide,module,hazardous-materials,"",safety,parents|teachers,Safety program focused on reducing home injuries and deaths due to hazardous materials.,hazardous materials|home safety,participate in safety program,web-based program,exposure to hazards,"","",false,false,0.88
src.fema.are-you-ready.2004,seg_000065,47,47,American Red Cross,seg_000065,education.facing-fear-curriculum,module,education,"",published,"",A school curriculum designed to help young people deal with terrorism and tragic events by alleviating worries and clarifying confusion about safety threats.,terrorism|safety threats|emotional resilience,alleviate worries|clarify confusion,curriculum materials,increased anxiety if not properly addressed,"",contact local Red Cross chapter,false,false,0.9
src.fema.are-you-ready.2004,seg_000066,48,48,2 Natural Hazards,seg_000066,emergency-preparedness.natural-hazards-overview,module,emergency-preparedness,"",concept,"","This module provides an overview of natural hazards, their characteristics, associated terms, and protective measures. It aims to help individuals incorporate this information into their family disaster plans.",natural hazards|risk assessment|protective measures,Learn about natural hazards|Include information in disaster plan|Take protective measures,"","","","",false,false,0.9
src.fema.are-you-ready.2004,seg_000067,50,51,2.1 Floods,seg_000067,emergency-management.flood-awareness,concept_note,emergency-management,"",awareness,"","An overview of flood hazards, types, and risks in the United States, emphasizing the importance of awareness regardless of location.",flood hazards|flash floods|overland flooding|dam breaks,be aware of flood hazards|understand local flood risks,"",underestimating flood risk|ignoring small streams and dry areas,"",living in low-lying areas|proximity to water bodies or dams,false,false,0.9
src.fema.are-you-ready.2004,seg_000068,52,52,What Would You Do?,seg_000068,disaster-preparedness.assessment,assessment,disaster-preparedness,"",assessment,"",An assessment scenario to evaluate preparedness for different disaster risks after moving to a new location.,disaster risk assessment|preparedness planning|local environmental risks,evaluate local risks|maintain disaster supplies|consider insurance needs,"",underestimating local risks|lack of preparedness,"",change in local environment|community risk perceptions,false,false,0.9
src.fema.are-you-ready.2004,seg_000069,52,52,Know the Terms,seg_000069,emergency-management.flood-hazard-terms,glossary,emergency-management,"",concept,"",A glossary of terms to help identify flood hazards.,flood hazard|flood watch,"","","","","",false,false,0.9
src.fema.are-you-ready.2004,seg_000070,52,52,Flood Watch,seg_000070,emergency-management.flood-watch-procedures,reference_sheet,emergency-management,"",skill,"","Guidance on actions to take during a flood watch, including monitoring weather updates.",flood watch,tune in to NOAA Weather Radio|monitor commercial radio|watch television for updates,NOAA Weather Radio|commercial radio|television,missing updates|ignoring warnings,"","",false,false,0.95
src.fema.are-you-ready.2004,seg_000071,52,52,Flash Flood Watch,seg_000071,emergency.flash-flood-watch,reference_sheet,emergency,"",awareness,"","Guidance on what to do during a flash flood watch, including being prepared to move to higher ground and listening to weather updates.",flash flood watch|preparedness,move to higher ground|listen to NOAA Weather Radio,NOAA Weather Radio|commercial radio|television,not moving to higher ground|ignoring weather updates,"","",false,false,0.9
src.fema.are-you-ready.2004,seg_000072,52,52,Flood Warning,seg_000072,emergency.flood-warning,reference_sheet,emergency,"",response,"","Instructions for actions to take during a flood warning, including immediate evacuation if advised.",flood warning|evacuation,evacuate immediately if advised,"",delaying evacuation,"","",false,false,0.9
src.fema.are-you-ready.2004,seg_000073,52,52,Flash Flood Warning,seg_000073,emergency.flash-flood-warning,reference_sheet,emergency,"",response,"","Immediate actions to take during a flash flood warning, including seeking higher ground on foot.",flash flood warning|immediate action,seek higher ground on foot,"",not seeking higher ground,"","",false,false,0.9
src.fema.are-you-ready.2004,seg_000074,53,54,Take Protective Measures,seg_000074,emergency.flood-preparedness,skill_guide,emergency,"",preparedness,"","Guidelines for preparing for a flood, including elevating utilities, installing check valves, and constructing barriers.",floodplain|elevation|check valves|barriers|waterproofing,Avoid building in floodplain|Elevate furnace and electric panel|Install check valves|Construct barriers|Seal walls,check valves|waterproofing compounds,floodwater backup|seepage,"","",false,false,0.9
src.fema.are-you-ready.2004,seg_000083,60,61,Take Protective Measures,seg_000083,emergency.tornado-preparedness,skill_guide,emergency,"",preparedness,"","Guidelines for preparing for a tornado, including recognizing danger signs and seeking appropriate shelter.",tornado warning|shelter|danger signs,Listen to weather updates|Seek shelter immediately|Recognize danger signs,"",injury from debris|inadequate shelter,"","",false,false,0.9
src.fema.are-you-ready.2004,seg_000101,70,70,Take Protective Measures,seg_000101,emergency.hurricane-preparedness,skill_guide,emergency,"",preparedness,"","Guidelines for preparing for a hurricane, including securing property and trimming trees.",storm shutters|roof straps|safe room,Secure property|Install storm shutters|Trim trees and shrubs,marine plywood|roof straps,window breakage|roof damage,"","",false,false,0.9
src.fema.are-you-ready.2004,seg_000140,88,89,Take Protective Measures,seg_000140,emergency.extreme-heat-preparedness,skill_guide,emergency,"",preparedness,"","Guidelines for preparing for extreme heat, including installing air conditioners and using window reflectors.",air conditioning|window reflectors|weather-stripping,Install air conditioners|Check insulation|Use window reflectors,air conditioners|aluminum foil|weather-stripping,heat exposure|insufficient cooling,"","",false,false,0.9
src.fema.are-you-ready.2004,seg_000154,96,98,Take Protective Measures,seg_000154,emergency.earthquake-preparedness,skill_guide,emergency,"",preparedness,"","Guidelines for preparing for an earthquake, including securing heavy objects and conducting drills.",utility connections|securing heavy objects|earthquake drills,Repair electrical wiring|Bolt down appliances|Conduct earthquake drills,bolts|flexible pipe fittings,gas leaks|falling objects,"","",false,false,0.9
src.fema.are-you-ready.2004,seg_000075,54,54,Driving: Flood Facts,seg_000075,safety.driving-in-flood-conditions,reference_sheet,safety,"",awareness,"","Important safety points for driving in flood conditions, including water depth impacts on vehicles.",flood conditions|vehicle buoyancy|water depth impact,avoid driving in floodwaters|understand vehicle limitations in water,"",vehicle stalling|loss of control|vehicle being carried away,"","",false,false,0.9
src.fema.are-you-ready.2004,seg_000075,54,54,After a Flood,seg_000075,safety.post-flood-guidelines,reference_sheet,safety,"",response,"","Guidelines for safety and health after a flood, including water safety, structural integrity, and sanitation.",post-flood safety|water contamination|structural damage,listen for news reports|avoid floodwaters|report downed power lines|clean and disinfect,"",drinking contaminated water|structural collapse|health hazards from sewage,"","",false,false,0.9
src.fema.are-you-ready.2004,seg_000076,55,55,Additional Information,seg_000076,insurance.flood-insurance-overview,concept_note,insurance,"",concept,"","Overview of flood insurance, including its availability, management by FEMA, and the 30-day waiting period.",Flood insurance|National Flood Insurance Program|FEMA|Floodplain management,"","","","","",false,false,0.9
src.fema.are-you-ready.2004,seg_000076,55,55,Additional Information,seg_000076,assessment.flood-knowledge-check,assessment,emergency-preparedness,"",assessment,"",A true or false knowledge check to assess understanding of flood emergencies and safety.,Flood emergencies|Flood safety|Flood risk,Identify true or false statements,"","","","",false,false,0.95
src.fema.are-you-ready.2004,seg_000078,56,56,National Weather Service,seg_000078,weather.hurricane-flooding-precautions,reference_sheet,weather,"",reference,"",Brochure describing the impact of hurricane flooding and precautions to take.,hurricane flooding|inland danger,take precautions,"","","","",false,false,0.9
src.fema.are-you-ready.2004,seg_000078,56,56,National Weather Service,seg_000078,weather.low-water-crossing-hazards,reference_sheet,weather,"",reference,"",Brochure describing the hazards of driving your vehicle in flood conditions.,low water crossing|flood conditions,avoid driving in flood conditions,"","","","",false,false,0.9
src.fema.are-you-ready.2004,seg_000079,58,60,2.2 Tornadoes,seg_000079,emergency.tornado-awareness,concept_note,emergency,"",awareness,"","This section provides an overview of tornadoes, describing their characteristics, behavior, and the risks they pose.",Tornado characteristics|Tornado formation|Tornado risks,"","","","","",false,false,0.9
src.fema.are-you-ready.2004,seg_000080,60,60,Know the Terms,seg_000080,emergency.tornado-terms,glossary,emergency,"",concept,"",A glossary of terms related to identifying tornado hazards.,tornado warning|tornado watch|funnel cloud|severe thunderstorm,"","","","","",false,false,0.9
src.fema.are-you-ready.2004,seg_000081,60,60,Tornado Watch,seg_000081,emergency.tornado-watch,reference_sheet,emergency,"",awareness,"","Guidance on remaining alert during a tornado watch, including monitoring weather updates.",tornado watch|weather monitoring,remain alert|monitor weather updates,NOAA Weather Radio|commercial radio|television,ignoring weather updates,"","",false,false,0.9
src.fema.are-you-ready.2004,seg_000082,60,60,Tornado Warning,seg_000082,emergency.tornado-warning,reference_sheet,emergency,"",response,"","Instructions for immediate action when a tornado warning is issued, including taking shelter.",tornado warning|immediate shelter,take shelter immediately,"",delaying shelter|ignoring warning,"","",false,false,0.95
src.fema.are-you-ready.2004,seg_000084,62,62,Preparing a Safe Room,seg_000084,safety.preparing-safe-room,project_blueprint,safety,"",planning,"","Guidelines for building a safe room to protect against extreme windstorms, including location options and construction requirements.",safe room|wind shelter|extreme windstorms,build safe room|anchor safe room|design for wind resistance,concrete slab|wind-resistant materials,overturning|uplift|penetration by debris,"",below-ground design|water accumulation prevention,false,false,0.95
src.fema.are-you-ready.2004,seg_000085,62,62,Additional information about Safe Rooms available from FEMA,seg_000085,safety.safe-room-construction,reference_sheet,safety,"",reference,"","Brochure and manual providing details on building a wind-safe room to withstand tornadoes, hurricanes, and other high winds.",safe room|wind resistance|tornado|hurricane,obtain information|build safe room,"","","","",false,false,0.9
src.fema.are-you-ready.2004,seg_000086,63,64,Locate the Safest Place,seg_000086,safety.shelter-location,skill_guide,safety,"",guidance,"",Guidance on locating the safest place to seek shelter in various home layouts if evacuation is not possible.,shelter location|home safety,locate shelter|assess home layout,"","","","",false,false,0.85
src.fema.are-you-ready.2004,seg_000088,65,65,After a Tornado,seg_000088,disaster-recovery.after-tornado,reference_sheet,disaster-recovery,"",guidance,"","Instructions for recovering from a tornado, as part of broader disaster recovery efforts.",tornado recovery|disaster recovery,follow recovery instructions,"","","","",false,false,0.8
src.fema.are-you-ready.2004,seg_000090,66,68,2.3 Hurricanes,seg_000090,emergency-preparedness.hurricane-awareness,concept_note,emergency-preparedness,"",awareness,"","Overview of hurricanes, their classification, and potential impacts, including wind speed, storm surges, and flooding.",tropical cyclone|hurricane classification|Saffir-Simpson Hurricane Scale|storm surge|flooding,"","","","","",false,false,0.9
src.fema.are-you-ready.2004,seg_000090,66,68,2.3 Hurricanes,seg_000090,emergency-preparedness.hurricane-damage-potential,reference_sheet,emergency-preparedness,"",reference,"","Reference sheet detailing the Saffir-Simpson Hurricane Scale, including categories, wind speeds, and potential damage.",Saffir-Simpson Hurricane Scale|hurricane categories|damage potential,"","","","","",false,false,0.95
src.fema.are-you-ready.2004,seg_000091,68,68,Naming the Hurricane,seg_000091,meteorology.hurricane-naming,concept_note,meteorology,"",concept,"","Describes the process of naming Atlantic tropical storms, including historical changes and criteria for retiring names.",Hurricane naming|World Meteorological Organization|Name retirement,"","","","","",false,false,0.9
src.fema.are-you-ready.2004,seg_000092,69,69,Know the Terms,seg_000092|seg_000093|seg_000094|seg_000095,meteorology.hurricane-terms,reference_sheet,meteorology,"",reference,"","Provides definitions for terms related to hurricane hazards, including tropical depression, tropical storm, and hurricane.",Tropical depression|Tropical storm|Hurricane,Familiarize with terms,"","","","",false,false,0.95
src.fema.are-you-ready.2004,seg_000096,69,69,Storm Surge,seg_000096,weather.storm-surge,concept_note,weather,"",concept,"","A storm surge is a dome of water pushed onshore by hurricane and tropical storm winds, potentially reaching 25 feet high and 50-100 miles wide.",storm surge|hurricane|tropical storm,"","","","","",false,false,0.9
src.fema.are-you-ready.2004,seg_000097,69,69,Storm Tide,seg_000097,weather.storm-tide,concept_note,weather,"",concept,"","A storm tide is the combination of a storm surge and the normal tide, resulting in a higher water level than the mean sea level.",storm tide|storm surge|normal tide,"","","","","",false,false,0.9
src.fema.are-you-ready.2004,seg_000098,69,69,Hurricane/Tropical Storm Watch,seg_000098,emergency.hurricane-watch,reference_sheet,emergency,"",awareness,"","Information on hurricane/tropical storm watch, indicating possible conditions within 36 hours.",hurricane watch|tropical storm watch|NOAA Weather Radio,tune in to NOAA Weather Radio|monitor commercial radio|watch television for updates,NOAA Weather Radio|commercial radio|television,"","","",false,false,0.9
src.fema.are-you-ready.2004,seg_000099,69,69,Hurricane/Tropical Storm Warning,seg_000099,emergency.hurricane-warning,reference_sheet,emergency,"",alert,"","Details on hurricane/tropical storm warning, indicating expected conditions within 24 hours.",hurricane warning|tropical storm warning,"","","","","",false,false,0.9
src.fema.are-you-ready.2004,seg_000100,69,69,Short Term Watches and Warnings,seg_000100,emergency.short-term-warnings,reference_sheet,emergency,"",alert,"",Information on short term watches and warnings for specific hurricane threats like flash floods and tornadoes.,short term warnings|flash floods|tornadoes,"","","","","",false,false,0.9
src.fema.are-you-ready.2004,seg_000102,70,71,Review,seg_000102,emergency.hurricane-preparedness,reference_sheet,emergency,"",preparedness,"","Guidelines for preparing for a hurricane, including securing property, managing utilities, and evacuation criteria.",hurricane preparedness|evacuation criteria|safe room guidelines,Listen to radio or TV for updates|Secure home and outdoor objects|Turn off utilities if instructed|Moor boat if time permits|Ensure water supply for sanitation,radio|TV|storm shutters|propane tanks|water containers,Not securing outdoor objects|Ignoring evacuation orders|Staying in unsafe structures,Stay indoors during hurricane|Avoid windows and glass doors,Instructions from local authorities|Specific evacuation routes,false,false,0.95
src.fema.are-you-ready.2004,seg_000103,71,71,Review,seg_000103,emergency.sheltering-guidelines,reference_sheet,emergency,"",guidelines,"","Guidelines for sheltering during emergencies, referencing Section 1.4: Shelter.",sheltering|emergency preparedness,review sheltering guidelines,"","","","",false,false,0.9
src.fema.are-you-ready.2004,seg_000103,71,71,Review,seg_000103,emergency.hurricane-recovery,reference_sheet,emergency,"",recovery,"","Instructions for recovering from a hurricane, referencing Part 5.",hurricane recovery|disaster recovery,follow recovery instructions,"","","","",false,false,0.9
src.fema.are-you-ready.2004,seg_000155,99,99,Knowledge Check,seg_000155,emergency.earthquake-response,assessment,emergency,"",assessment,earthquake,An assessment to check knowledge on appropriate actions during an earthquake based on location.,earthquake safety|location-based response,stay inside|protect head with pillow|crouch in inside corner|stay in interior room|stay outside|stop car in open area,"",choosing unsafe locations during an earthquake,"","",false,false,0.9
src.fema.are-you-ready.2004,seg_000171,110,110,Knowledge Check,seg_000171,environmental.landslide-prevention,assessment,environmental,"",assessment,landslide,An assessment to understand the causes of increased landslides and actions to mitigate them.,landslide causes|community action,enact regulations|promote protective measures|educate residents,"",increased development in unsafe areas,"","",false,false,0.85
src.fema.are-you-ready.2004,seg_000188,121,122,Knowledge Check,seg_000188,fire-safety.response-actions,assessment,fire-safety,"",assessment,fire emergency,An assessment to evaluate knowledge on fire safety and response actions.,fire escape|burn treatment|fire prevention,"check door for heat|stop, drop, and roll|call 9-1-1|crawl close to the floor|have stove inspected","",opening hot doors|incorrect burn treatment,"","",false,false,0.9
src.fema.are-you-ready.2004,seg_000268,177,177,Knowledge Check,seg_000268,emergency.disaster-preparedness-evaluation,assessment,emergency,"",assessment,disaster preparedness,An assessment to evaluate personal and family preparedness for various threat levels and disasters.,disaster plan|supplies kit|community warning systems|evacuation procedures|shelter identification,develop family disaster plan|prepare disaster supplies kit|stay informed on threat levels,"",lack of preparedness for threat levels,"","",false,false,0.9
src.fema.are-you-ready.2004,seg_000105,72,72,You Make the Call,seg_000105,emergency-preparedness.hurricane-window-safety,assessment,emergency-preparedness,"",assessment,"",An assessment scenario evaluating the effectiveness of hurricane preparedness actions related to window and door management.,hurricane preparedness|window safety|door management,close all windows and doors|avoid taping windows,"",leaving windows open|taping windows,"","",false,false,0.9
src.fema.are-you-ready.2004,2.4,74,74,2.4,seg_000107,emergency.preparedness-checklist,reference_sheet,emergency_management,"",concept,"","A checklist for emergency preparedness, detailing essential items and actions to take in preparation for emergencies.",emergency preparedness|checklist,gather emergency supplies|create a family emergency plan,emergency kit|communication devices,incomplete checklist|outdated supplies,"",regional hazards|local resources availability,false,false,0.9
src.fema.are-you-ready.2004,seg_000108,74,76,Thunderstorms and Lightning,seg_000108,safety.thunderstorms-lightning,concept_note,safety,"",concept,"","This section provides an overview of the dangers associated with thunderstorms and lightning, including statistics on injuries and fatalities, and facts about their occurrence and characteristics.",thunderstorms|lightning|severe weather,"","",injury from lightning|property damage,avoid outdoor activities during thunderstorms,prevalence of dry thunderstorms in western US,false,false,0.9
src.fema.are-you-ready.2004,seg_000109,76,76,Know the Terms,seg_000109,weather.thunderstorm-terms,glossary,weather,"",concept,"",A glossary of terms related to identifying thunderstorm hazards.,thunderstorm hazard|weather terms,"","","","","",false,false,0.9
src.fema.are-you-ready.2004,seg_000110,76,76,Severe Thunderstorm Watch,seg_000110,weather.severe-thunderstorm-watch,reference_sheet,weather,"",awareness,"",Information on what a Severe Thunderstorm Watch means and how to stay informed.,severe thunderstorm watch,watch the sky|stay tuned to NOAA Weather Radio,NOAA Weather Radio|commercial radio|television,"","","",false,false,0.95
src.fema.are-you-ready.2004,seg_000111,76,76,Severe Thunderstorm Warning,seg_000111,weather.severe-thunderstorm-warning,reference_sheet,weather,"",response,"",Details on what a Severe Thunderstorm Warning indicates and the associated risks.,severe thunderstorm warning,"","",imminent danger to life and property,"","",false,false,0.95
src.fema.are-you-ready.2004,seg_000113,77,77,Before Thunderstorms and Lightning,seg_000113,safety.thunderstorm-preparation,reference_sheet,safety,"",preparation,"","Guidelines for preparing for thunderstorms, including tree maintenance and the 30/30 lightning safety rule.",thunderstorm preparation|lightning safety,remove dead trees|follow 30/30 rule,"",injury from falling trees|lightning strike,stay indoors during storm,local tree types|regional storm frequency,false,false,0.9
src.fema.are-you-ready.2004,seg_000114,77,79,Thunderstorms,seg_000114,safety.thunderstorm-preparedness,reference_sheet,safety,"",guidelines,"","Guidelines for actions to take before, during, and after a thunderstorm to ensure safety.",thunderstorm safety|lightning protection|emergency preparedness,Postpone outdoor activities|Seek shelter in a building or vehicle|Avoid using corded phones|Unplug appliances|Use battery-operated weather radio,NOAA Weather Radio,Injury from lightning|Damage from power surges,Avoid metal objects|Do not lie flat on the ground,Availability of shelters|Local weather patterns,false,false,0.95
src.fema.are-you-ready.2004,seg_000114,77,79,Thunderstorms,seg_000114,safety.lightning-victim-aid,skill_guide,safety,"",response,"","Instructions for providing aid to a victim of lightning, including CPR and checking for injuries.",first aid|CPR|lightning injuries,Call 9-1-1|Perform mouth-to-mouth resuscitation|Administer CPR|Check for burns and other injuries,"",Delayed medical response|Improper CPR technique,"",Availability of emergency services,false,false,0.9
src.fema.are-you-ready.2004,seg_000114,77,79,Thunderstorms,seg_000114,safety.thunderstorm-quiz,assessment,safety,"",assessment,"",A true or false quiz to assess understanding of thunderstorm safety.,thunderstorm safety knowledge,"","","","","",false,false,0.85
src.fema.are-you-ready.2004,seg_000116,79,79,Publications National Weather Service,seg_000116,safety.lightning-awareness,reference_sheet,safety,"",reference,"",A two-page factsheet providing essential information about lightning safety for boaters.,lightning safety|boating safety,understand lightning risks|implement safety measures on boats,"",ignoring lightning warnings|inadequate safety measures,"","",false,false,0.9
src.fema.are-you-ready.2004,seg_000130,85,85,Publications National Weather Service,seg_000130,safety.winter-storm-preparedness,reference_sheet,safety,"",reference,"","A brochure with information on winter storm facts, detecting frostbite and hypothermia, and preparation strategies.",winter storm safety|frostbite detection|hypothermia detection,prepare for winter storms|detect and respond to frostbite|detect and respond to hypothermia,"",unpreparedness for winter storms|failure to detect frostbite|failure to detect hypothermia,"","",false,false,0.9
src.fema.are-you-ready.2004,seg_000131,85,85,Centers for Disease Control and Prevention,seg_000131,health.extreme-cold-prevention,reference_sheet,health,"",reference,"","A guide providing information on planning for cold weather, ensuring safety indoors and outdoors, and understanding cold weather health conditions.",cold weather safety|health conditions in cold weather,plan for cold weather|ensure indoor and outdoor safety,"",lack of cold weather preparation|unsafe indoor and outdoor conditions,"","",false,false,0.9
src.fema.are-you-ready.2004,seg_000117,80,80,2.5,seg_000117,emergency.preparedness-checklist,reference_sheet,emergency_management,"",local_deployment,"","A checklist for emergency preparedness, detailing essential items and actions to take before a disaster.",emergency preparedness|checklist|disaster readiness,gather supplies|create a plan|stay informed,emergency kit|communication devices|first aid supplies,incomplete checklist|outdated information,ensure all items are safe for use|avoid expired supplies,regional hazards|local resources,false,false,0.9
src.fema.are-you-ready.2004,seg_000118,80,81,Winter Storms and Extreme Cold,seg_000118,emergency-preparedness.winter-storms-extreme-cold,concept_note,emergency-preparedness,"",concept,"","This section discusses the impact of heavy snowfall and extreme cold, which can immobilize regions, cause flooding, storm surges, and lead to hypothermia.",heavy snowfall|extreme cold|regional immobilization|flooding|storm surge|hypothermia,"","",closed highways|blocked roads|downed power lines,"","",false,false,0.9
src.fema.are-you-ready.2004,seg_000119,81,81,Know the Terms,seg_000119,weather.winter-storm-terms,glossary,weather,"",concept,"",A glossary of terms related to winter storm hazards to aid in identification and understanding.,winter storm|hazard identification,"","","","","",false,false,0.9
src.fema.are-you-ready.2004,seg_000120,81,81,Know the Terms > Freezing Rain,seg_000120,weather.freezing-rain,glossary,weather,"",concept,"","Definition of freezing rain and its impact on the environment, including roads and power lines.",freezing rain|ice coating,"","","","","",false,false,0.9
src.fema.are-you-ready.2004,seg_000121,81,81,Know the Terms > Sleet,seg_000121,weather.sleet,glossary,weather,"",concept,"","Definition of sleet and its effects, such as causing slippery conditions on roads.",sleet|ice pellets,"","","","","",false,false,0.9
src.fema.are-you-ready.2004,seg_000122,81,81,Winter Storm Watch,seg_000122,emergency-preparedness.winter-storm-watch,reference_sheet,emergency-preparedness,"",awareness,weather|emergency,Guidance on monitoring weather updates during a winter storm watch.,winter storm|weather monitoring,tune in to NOAA Weather Radio|monitor commercial radio|watch television for updates,NOAA Weather Radio|commercial radio|television,missing updates|ignoring warnings,"",availability of NOAA Weather Radio,false,false,0.9
src.fema.are-you-ready.2004,seg_000123,81,81,Winter Storm Warning,seg_000123,emergency.winter-storm-warning,reference_sheet,emergency,"",awareness,"",A reference sheet detailing the occurrence or imminent occurrence of a winter storm in a specific area.,winter storm|weather warning,"","","","","",false,false,0.9
src.fema.are-you-ready.2004,seg_000124,81,81,Blizzard Warning,seg_000124,emergency.blizzard-warning,reference_sheet,emergency,"",awareness,"","A reference sheet describing conditions for a blizzard warning, including high winds and reduced visibility due to snow.",blizzard|high winds|reduced visibility,"","","","","",false,false,0.9
src.fema.are-you-ready.2004,seg_000125,81,81,Frost/Freeze Warning,seg_000125,emergency.frost-freeze-warning,reference_sheet,emergency,"",awareness,"",A reference sheet indicating expected below freezing temperatures.,frost warning|freeze warning|below freezing temperatures,"","","","","",false,false,0.9
src.fema.are-you-ready.2004,seg_000127,81,83,Before Winter Storms and,seg_000127,emergency-preparedness.winter-storm-preparation,project_blueprint,emergency_preparedness,"",planning,"","Guidelines for preparing for winter storms, including assembling a disaster supplies kit and winterizing your home and car.",disaster supplies kit|winterization|home insulation|car maintenance,assemble disaster supplies kit|winterize home|winterize car,rock salt|sand|snow shovels|heating fuel|insulation materials|car maintenance tools,insufficient heating fuel|car breakdown|carbon monoxide poisoning,ensure proper ventilation to avoid carbon monoxide buildup,availability of heating fuel|local weather patterns,false,false,0.9
src.fema.are-you-ready.2004,seg_000128,83,85,Dress for the Weather,seg_000128,safety.winter-weather-preparedness,reference_sheet,safety,"",guidelines,"",Guidelines for dressing appropriately and actions to take during a winter storm or extreme cold conditions.,Layered clothing|Frostbite prevention|Hypothermia prevention,Wear layers|Listen to weather reports|Avoid overexertion,NOAA Weather Radio|Mittens|Hat|Scarf,Frostbite|Hypothermia|Carbon monoxide poisoning,Maintain ventilation with heaters|Avoid caffeine and alcohol,Use local weather reports|Adapt clothing to local climate,false,false,0.9
src.fema.are-you-ready.2004,seg_000128,83,85,During a Winter Storm,seg_000128,safety.winter-storm-survival,reference_sheet,safety,"",guidelines,"","Guidelines for actions to take during a winter storm, including driving safety and survival if trapped in a vehicle.",Winter storm safety|Vehicle safety during blizzards,Stay in vehicle|Run engine periodically|Signal for help,Distress flag|Road maps|Seat covers,Dehydration|Carbon monoxide poisoning|Battery depletion,Open window for ventilation|Clear exhaust pipe,Adapt to local road conditions|Use local materials for insulation,false,false,0.9
src.fema.are-you-ready.2004,seg_000132,86,87,2.6 Extreme Heat,seg_000132,safety.extreme-heat-awareness,concept_note,safety,"",awareness,"","This section discusses the dangers of extreme heat, its effects on the human body, and the increased risks for certain populations and urban areas.",extreme heat|heat-related illnesses|urban heat island effect,"","",overexposure to heat|over-exercising in heat,"",urban vs rural heat risk,false,false,0.9
src.fema.are-you-ready.2004,seg_000133,88,88,Know the Terms,seg_000133,emergency-management.heat-hazard-terms,glossary,emergency-management,"",concept,"",A glossary section to familiarize individuals with terms related to extreme heat hazards.,extreme heat hazard|terminology,"","","","","",false,false,0.9
src.fema.are-you-ready.2004,seg_000134,88,88,Heat Wave,seg_000134,emergency-management.heat-wave-definition,concept_note,emergency-management,"",concept,"","Defines a heat wave as a prolonged period of excessive heat, often combined with excessive humidity.",heat wave|excessive heat|humidity,"","","","","",false,false,0.95
src.fema.are-you-ready.2004,seg_000135,88,88,Heat Index,seg_000135,environmental.heat-index,concept_note,environmental,"",concept,"",The heat index is a measure in degrees Fahrenheit that indicates how hot it feels when relative humidity is added to the air temperature. Full sunshine exposure can increase the heat index by 15 degrees.,heat index|relative humidity|air temperature,"","","","","",false,false,0.9
src.fema.are-you-ready.2004,seg_000136,88,88,Heat Cramps,seg_000136,health.heat-cramps,concept_note,health,"",concept,"","Heat cramps are muscular pains and spasms due to heavy exertion, often the first signal that the body is having trouble with the heat.",heat cramps|muscular pains|spasms|heavy exertion,"","","","","",false,false,0.9
src.fema.are-you-ready.2004,seg_000137,88,88,Heat Exhaustion,seg_000137,health.heat-exhaustion,concept_note,health,"",concept,"","Heat exhaustion occurs when people exercise heavily or work in hot, humid conditions, leading to fluid loss through sweating. It can cause mild shock and, if untreated, may progress to heat stroke.",heat exhaustion|fluid loss|mild shock,"","",progression to heat stroke,"","",false,false,0.9
src.fema.are-you-ready.2004,seg_000138,88,88,Heat Stroke,seg_000138,health.heat-stroke,concept_note,health,"",concept,"","Heat stroke is a life-threatening condition where the body's temperature control system fails, potentially leading to brain damage or death if not cooled quickly.",heat stroke|temperature control failure|brain damage,"","",brain damage|death,"","",false,false,0.9
src.fema.are-you-ready.2004,seg_000139,88,88,Sun Stroke,seg_000139,health.sun-stroke,concept_note,health,"",concept,"","Sun stroke, also known as heat stroke, is a serious condition caused by excessive exposure to high temperatures.",heat stroke|high temperature exposure,"","","","","",false,false,0.9
src.fema.are-you-ready.2004,seg_000141,90,90,First Aid for Heat-Induced Illnesses,seg_000141,health.first-aid-heat-illnesses,reference_sheet,health,"",deployment,emergency response|public health,"A reference sheet detailing symptoms and first aid treatments for heat-induced illnesses such as sunburn, heat cramps, heat exhaustion, and heat stroke.",heat-induced illnesses|first aid|symptoms|treatment,identify symptoms|apply first aid|seek medical attention,"cool water|cool, wet cloths|fans|air conditioners",delayed treatment|incorrect first aid application,use extreme caution|seek immediate medical attention for heat stroke,availability of medical services|climate conditions,false,false,0.95
src.fema.are-you-ready.2004,seg_000142,91,91,Additional Information,seg_000142,environment.water-conservation-drought,concept_note,environment,"",conceptualization,resource management|environmental conservation,"A concept note discussing the causes and impacts of emergency water shortages due to drought, and the importance of water conservation.",drought|water shortage|water conservation,conserve water|implement water-saving practices,"",ineffective water management,"",regional water availability|local conservation policies,false,false,0.9
src.fema.are-you-ready.2004,seg_000145,92,92,Publications National Weather Service,seg_000145,weather.heat-wave-safety,reference_sheet,weather,"",published,"","An online brochure by the National Weather Service describing the heat index, heat disorders, and heat wave safety tips.",heat index|heat disorders|heat wave safety,"","","","","",false,true,0.9
src.fema.are-you-ready.2004,seg_000163,105,105,Publications National Weather Service,seg_000163,weather.heat-wave-safety,reference_sheet,weather,"",published,"","An online brochure by the National Weather Service describing the heat index, heat disorders, and heat wave safety tips.",heat index|heat disorders|heat wave safety,"","","","","",false,true,0.9
src.fema.are-you-ready.2004,seg_000146,94,95,2.7 Earthquakes,seg_000146,earth-science.earthquake-basics,concept_note,earth-science,"",concept,"","An overview of earthquakes, describing their causes, the role of plate tectonics, and potential impacts on populated areas.",earthquake|plate tectonics|energy release|earth's surface movement,"","","","","",false,false,0.9
src.fema.are-you-ready.2004,seg_000147,96,96,Know the Terms,seg_000147,earthquake.know-the-terms,glossary,earthquake,"",concept,"",A glossary of terms to help identify earthquake hazards.,earthquake hazard|terminology,familiarize with terms,"","","","",false,false,0.9
src.fema.are-you-ready.2004,seg_000148,96,96,Earthquake,seg_000148,geology.earthquake,concept_note,geology,"",concept,"","An overview of earthquakes, defined as a sudden slipping or movement of a portion of the earth's crust, followed by vibrations.",earthquake|earth's crust|vibrations,"","","","","",false,false,0.9
src.fema.are-you-ready.2004,seg_000149,96,96,Earthquake > Aftershock,seg_000149,geology.aftershock,concept_note,geology,"",concept,"",An aftershock is an earthquake of similar or lesser intensity that follows the main earthquake.,aftershock|main earthquake,"","","","","",false,false,0.9
src.fema.are-you-ready.2004,seg_000150,96,96,Earthquake > Fault,seg_000150,geology.fault,concept_note,geology,"",concept,"","A fault is the fracture across which displacement has occurred during an earthquake, with slippage ranging from less than an inch to more than 10 yards.",fault|displacement|earthquake,"","","","","",false,false,0.9
src.fema.are-you-ready.2004,seg_000151,96,96,Earthquake > Epicenter,seg_000151,geology.epicenter,concept_note,geology,"",concept,"",The epicenter is the place on the earth's surface directly above the point on the fault where the earthquake rupture began.,epicenter|earthquake rupture|fault,"","","","","",false,false,0.9
src.fema.are-you-ready.2004,seg_000152,96,96,Earthquake > Seismic Waves,seg_000152,geology.seismic-waves,concept_note,geology,"",concept,"","Seismic waves are vibrations that travel outward from the earthquake fault, causing most of the destruction during earthquakes.",seismic waves|vibrations|earthquake fault,"","","","","",false,false,0.9
src.fema.are-you-ready.2004,seg_000153,96,96,Earthquake > Magnitude,seg_000153,geology.magnitude,concept_note,geology,"",concept,"","Magnitude is the amount of energy released during an earthquake, computed from the amplitude of seismic waves, with each whole number increase representing about 30 times more energy.",magnitude|energy release|seismic waves,"","","","","",false,false,0.9
src.fema.are-you-ready.2004,seg_000157,102,103,2.8 Volcanoes,seg_000157,natural-hazards.volcanoes,concept_note,natural-hazards,"",concept,"","This section provides an overview of volcanoes, describing how they erupt and the associated hazards such as lava flows, ash, and other natural events.",volcano|eruption|lava flow|volcanic ash|natural hazards,"","",lava flow destruction|ash damage to machinery|roof collapse from ash,"","active volcanoes in Hawaii, Alaska, Pacific Northwest",false,false,0.9
src.fema.are-you-ready.2004,seg_000159,104,105,Protection from Falling Ash,seg_000159,safety.protection-from-falling-ash,reference_sheet,safety,"",guidance,"","Guidelines for protection from falling ash during and after a volcanic eruption, including clothing, breathing protection, and vehicle use.",volcanic ash protection|personal safety|vehicle precautions,wear protective clothing|use goggles|use dust mask|stay indoors|clear ash from roofs|avoid driving,long-sleeved shirts|long pants|goggles|dust mask|damp cloth,ash inhalation|roof collapse|vehicle engine damage,stay indoors|avoid downwind areas,availability of protective gear|local building structures,false,false,0.95
src.fema.are-you-ready.2004,seg_000161,105,105,Scenario,seg_000161,emergency-preparedness.volcanic-ash-protection,assessment,emergency-preparedness,"",local deployment,"","Assessment of personal protective measures needed during volcanic ash fall, based on the scenario of Mount St. Helens eruption affecting Yakima.",volcanic ash|personal protection|emergency preparedness,identify protective gear|plan for ash removal|ensure visibility and lighting,protective masks|goggles|protective clothing,inadequate protection leading to respiratory issues|visibility hazards,avoid outdoor exposure without protection,availability of protective gear|community cleanup resources,false,false,0.9
src.fema.are-you-ready.2004,seg_000164,105,105,U.S. Geological Survey,seg_000164,geology.volcano-hazards-program,reference_sheet,geology,"",reference,"","The U.S. Geological Survey's Volcano Hazards Program provides updates on volcanic activity, feature stories, information about volcano hazards, and additional resources.",volcano activity updates|volcano hazards,"","","","","",false,false,0.9
src.fema.are-you-ready.2004,2.9,106,106,2.9,seg_000165,emergency.preparedness-checklist,reference_sheet,emergency_management,"",concept,"","A checklist for emergency preparedness, detailing essential items and actions to take in preparation for various emergencies.",emergency preparedness|checklist,gather supplies|create a plan,emergency kit|communication devices,incomplete checklist|outdated information,"",regional hazards|local resources,false,false,0.9
src.fema.are-you-ready.2004,seg_000166,106,108,Landslides and Debris Flow (Mudslide),seg_000166,disaster-preparedness.landslides-and-debris-flow,concept_note,disaster-preparedness,"",concept,"","Overview of landslides and debris flows, their causes, and mitigation strategies.",landslide|debris flow|mudslide|land mismanagement|land-use zoning,conduct professional inspections|implement proper land-use zoning|design for slope stability,"",land mismanagement|improper land-use zoning,"",regional land-use policies|local geological conditions,false,false,0.9
src.fema.are-you-ready.2004,seg_000168,108,109,Recognize Landslide Warning Signs,seg_000168,disaster-preparedness.landslide-warning-signs,reference_sheet,disaster-preparedness,"",awareness,"","A reference sheet detailing the warning signs of potential landslides, including changes in landscape, structural issues, and unusual sounds.",landslide warning signs|land movement|structural changes,monitor landscape changes|check for structural issues|listen for unusual sounds,"",ignoring warning signs|misinterpreting natural sounds,"",regional geological conditions|local construction practices,false,false,0.95
src.fema.are-you-ready.2004,seg_000169,109,109,During a Landslide or Debris Flow,seg_000169,safety.landslide-response,reference_sheet,safety,"",response,"","Guidelines for responding to a landslide or debris flow, including moving away from the path and protecting oneself if escape is not possible.",landslide|debris flow|emergency response,Move away from the path|Curl into a tight ball|Protect your head,"",Inability to move quickly|Failure to protect head,"","",false,false,0.95
src.fema.are-you-ready.2004,seg_000170,109,110,After a Landslide or Debris Flow,seg_000170,emergency-response.landslide-aftermath,reference_sheet,emergency-response,"",guidelines,"","Guidelines for actions to take after a landslide or debris flow, including safety precautions and recovery steps.",landslide aftermath|safety precautions|recovery steps,Stay away from slide area|Check for injured persons|Watch for associated dangers|Replant damaged ground|Seek expert advice,"",additional slides|broken utility lines|erosion leading to flash flooding,Avoid entering slide area,Consult local geotechnical experts,false,false,0.95
src.fema.are-you-ready.2004,seg_000172,112,113,Tsunamis 2.10,seg_000172,emergency-preparedness.tsunami-awareness,concept_note,emergency-preparedness,"",concept,"","Overview of tsunamis, their causes, and potential impacts on coastlines, emphasizing the need for awareness and preparedness.",tsunami|seismic sea waves|underwater disturbance|coastline impact,"","",lack of warning|inadequate evacuation,"",coastal topography|proximity to shoreline,false,false,0.9
src.fema.are-you-ready.2004,seg_000173,113,113,Know the Terms,seg_000173,emergency-management.tsunami-terms,glossary,emergency-management,"",concept,"",A glossary of terms related to identifying tsunami hazards.,tsunami hazard|tsunami terms,"","","","","",false,false,0.9
src.fema.are-you-ready.2004,seg_000174,113,113,Advisory,seg_000174,emergency-management.tsunami-advisory,concept_note,emergency-management,"",concept,"",Explanation of a tsunami advisory following an earthquake in the Pacific basin.,tsunami advisory|earthquake|Pacific basin,"","","","","",false,false,0.9
src.fema.are-you-ready.2004,seg_000175,113,113,Watch,seg_000175,emergency-preparedness.tsunami-watch,concept_note,emergency-preparedness,"",concept,"","A tsunami watch indicates that a tsunami was or may have been generated, but is at least two hours travel time from the area.",tsunami watch|travel time,"","","","","",false,false,0.9
src.fema.are-you-ready.2004,seg_000176,113,114,Warning,seg_000176,emergency-preparedness.tsunami-warning,concept_note,emergency-preparedness,"",concept,"","A tsunami warning indicates that a tsunami was or may have been generated, which could cause damage, and people in the warned area are strongly advised to evacuate.",tsunami warning|evacuation,evacuate,"","","","",false,false,0.9
src.fema.are-you-ready.2004,seg_000178,115,115,Save Yourself—Not Your Possessions,seg_000178,emergency-response.save-yourself,concept_note,emergency-response,"",concept,"",The story of Ramon Atala illustrates the importance of prioritizing personal safety over possessions during a tsunami.,Personal safety over possessions|Tsunami response|Evacuation to higher ground,Evacuate immediately|Move to higher ground|Avoid returning until safe,"",Returning to danger zones too soon|Prioritizing possessions over safety,Stay away from coastal areas during a tsunami,Community awareness of tsunami risks|Local evacuation routes,false,false,0.95
src.fema.are-you-ready.2004,seg_000179,116,117,2.11 Fires,seg_000179,safety.fire-awareness,concept_note,safety,"",awareness,"","Understanding the basic characteristics of fire is crucial for personal safety. Fires spread rapidly, and the heat and smoke can be more dangerous than the flames themselves.",fire spread|heat dangers|smoke dangers|asphyxiation risk,"","",delayed evacuation|underestimating smoke danger,"","",false,false,0.9
src.fema.are-you-ready.2004,seg_000181,117,117,Before a Fire,seg_000181,fire-safety.smoke-alarms,skill_guide,fire-safety,"",preparation,"",Guidelines for installing and maintaining smoke alarms to reduce fire-related fatalities.,smoke alarms|fire safety,install smoke alarms|test and clean alarms|replace batteries,smoke alarms|batteries,non-functional alarms|expired alarms,"","",false,false,0.9
src.fema.are-you-ready.2004,seg_000182,117,118,Escaping the Fire,seg_000182,fire-safety.escape-routes,skill_guide,fire-safety,"",preparation,"",Instructions for planning and practicing fire escape routes.,escape routes|fire drills,review escape routes|practice escaping|ensure windows open,escape ladders,blocked exits|non-functional escape ladders,"","",false,false,0.9
src.fema.are-you-ready.2004,seg_000183,118,118,Flammable Items,seg_000183,fire-safety.flammable-items,skill_guide,fire-safety,"",preparation,"",Guidelines for storing and handling flammable items to prevent fires.,flammable liquids|storage safety,store flammable liquids safely|discard soaked rags,approved containers|metal container,improper storage|ignition of flammable liquids,"","",false,false,0.9
src.fema.are-you-ready.2004,seg_000184,118,118,Heating Sources,seg_000184,fire-safety.heating-sources,skill_guide,fire-safety,"",preparation,"",Safety measures for using heating sources to prevent fires.,alternative heating|fireplace safety,inspect heating units|store ashes safely,kerosene heaters|metal container,improper fuel use|uninspected units,"","",false,false,0.9
src.fema.are-you-ready.2004,seg_000185,118,118,Matches and Smoking,seg_000185,fire-safety.matches-smoking,skill_guide,fire-safety,"",preparation,"",Precautions for handling matches and smoking materials to prevent fires.,match safety|smoking precautions,store matches safely|use sturdy ashtrays,locked cabinet|sturdy ashtrays,unattended smoking materials|accessible matches,"","",false,false,0.9
src.fema.are-you-ready.2004,seg_000186,119,119,Electrical Wiring,seg_000186,fire-safety.electrical-wiring,skill_guide,fire-safety,"",preparation,"",Guidelines for maintaining electrical wiring to prevent fires.,electrical safety|wiring inspection,inspect wiring|use UL-approved units,extension cords|UL-approved units,overloaded circuits|frayed wires,"","",false,false,0.9
src.fema.are-you-ready.2004,seg_000187,119,120,Other,seg_000187,fire-safety.general-guidelines,skill_guide,fire-safety,"",preparation,"",General fire safety guidelines including the use of fire extinguishers and sprinkler systems.,fire extinguishers|sprinkler systems,install fire extinguishers|consider sprinkler systems,A-B-C-type fire extinguishers,uninspected systems|non-functional extinguishers,"","",false,false,0.9
src.fema.are-you-ready.2004,seg_000190,124,125,2.12 Wildfires,seg_000190,emergency-preparedness.wildfire-awareness,concept_note,emergency-preparedness,"",awareness,"","An overview of wildfire risks for residences in areas with abundant flammable vegetation, highlighting causes and rapid spread.",wildfire risks|flammable vegetation|lightning|accidents,"","","","","",false,false,0.9
src.fema.are-you-ready.2004,seg_000192,126,127,Follow Local Burning Laws,seg_000192,safety.local-burning-laws,reference_sheet,safety,"",guidelines,"","Guidelines for burning debris in wooded areas, including notifying authorities, obtaining permits, and using approved incinerators.",local burning laws|burning permit|approved incinerator,notify local authorities|obtain burning permit|use approved incinerator,approved incinerator|fire extinguisher|garden hose,uncontrolled fire,10-foot clearing,local burning laws,false,false,0.9
src.fema.are-you-ready.2004,seg_000192,126,127,During a Wildfire,seg_000192,safety.wildfire-preparedness,reference_sheet,safety,"",preparedness,"","Precautions to take if a wildfire threatens your home, including shutting off gas, sealing vents, and preparing for evacuation.",wildfire preparedness|evacuation,shut off gas|seal vents|turn off propane tanks|prepare for evacuation,garden hose|lawn sprinklers|fire tools,inadequate preparation,15 feet clearance for shrubs,"",false,false,0.9
src.fema.are-you-ready.2004,seg_000194,128,128,3,seg_000194,emergency.preparedness-checklist,reference_sheet,emergency_management,"",concept,"","A checklist for emergency preparedness, detailing essential items and actions to take before, during, and after an emergency.",emergency preparedness|checklist,gather supplies|create a plan|stay informed,emergency kit|communication devices,incomplete checklist|outdated information,"",regional hazards|local resources,false,false,0.9
src.fema.are-you-ready.2004,seg_000195,128,128,Technological Hazards,seg_000195,safety.technological-hazards-preparedness,module,safety,"",preparedness,"","This module covers preparedness for technological hazards, including hazardous materials incidents and nuclear power plant failures. It includes recognizing terms, taking protective measures, and knowing actions to take during events.",technological hazards|hazardous materials|nuclear power plant failures|protective measures,recognize important terms|take protective measures|identify resources,household chemicals,human error|hidden toxic waste,"","",false,false,0.9
src.fema.are-you-ready.2004,3.1,130,130,3.1,seg_000196,emergency-preparedness.basic-guidelines,concept_note,emergency-preparedness,"",concept,"","Basic guidelines for emergency preparedness, focusing on initial steps and considerations.",emergency preparedness|initial steps|considerations,identify potential emergencies|develop a plan|gather supplies,emergency kit|communication devices,lack of planning|insufficient supplies,"",regional risks|community resources,false,false,0.9
src.fema.are-you-ready.2004,seg_000197,130,131,Hazardous Materials Incidents,seg_000197,safety.hazardous-materials-incidents,concept_note,safety,"",concept,"","This section discusses the prevalence and risks associated with hazardous materials, highlighting their presence in various industries and the potential dangers they pose if mishandled.",hazardous materials|chemical risks|environmental impact,"","",improper use|accidental release,"","",false,false,0.9
src.fema.are-you-ready.2004,seg_000199,131,131,Before a Hazardous Materials Incident,seg_000199,emergency-preparedness.hazardous-materials-planning,concept_note,emergency-preparedness,"",planning,"",This section discusses the role of Local Emergency Planning Committees (LEPCs) in preparing for hazardous materials incidents. It emphasizes the importance of community awareness and preparedness through emergency plans and public notifications.,Local Emergency Planning Committees|hazardous materials|community emergency plans,Contact LEPCs for information|Develop emergency plans|Public notification strategies,"",Lack of public awareness|Inadequate emergency planning,"",Community-specific chemical hazards|Local emergency contact information,false,false,0.9
src.fema.are-you-ready.2004,seg_000199,131,131,Before a Hazardous Materials Incident,seg_000199,emergency-preparedness.disaster-supplies-kit,reference_sheet,emergency-preparedness,"",preparation,"",This section provides a list of additional supplies to include in a disaster supplies kit specifically for hazardous materials incidents.,disaster supplies kit|hazardous materials,Add plastic sheeting to kit|Include duct tape|Pack scissors,Plastic sheeting|Duct tape|Scissors,Incomplete disaster kit,"","",false,false,0.95
src.fema.are-you-ready.2004,seg_000200,131,132,During a Hazardous Materials Incident,seg_000200,emergency.hazardous-materials-incident-response,reference_sheet,emergency,"",deployment,"","Guidelines for responding to a hazardous materials incident, including evacuation, staying outdoors, vehicle safety, and indoor sheltering.",hazardous materials|evacuation|sheltering,"listen to local media|evacuate immediately|stay upstream, uphill, and upwind|seek shelter in a building|close and lock doors and windows|turn off ventilation systems|seal the shelter room",radio|television|plastic sheeting|duct tape,exposure to toxic chemicals|improper sealing of shelter,stay at least one-half mile from danger area,availability of shelter rooms|local building ventilation systems,false,false,0.95
src.fema.are-you-ready.2004,seg_000201,132,133,Shelter Safety for Sealed Rooms,seg_000201,safety.shelter-sealed-rooms,reference_sheet,safety,"",concept,"","Guidelines for ensuring safety in sealed rooms during emergencies, including space requirements and ventilation advice.",sealed room safety|carbon dioxide build-up|ventilation,calculate space per person|limit shelter time|ventilate post-emergency,"",insufficient ventilation|extended sheltering time,limit shelter time to 2-3 hours,local official recommendations,false,false,0.9
src.fema.are-you-ready.2004,seg_000202,133,133,After a Hazardous Materials Incident,seg_000202,safety.hazardous-materials-incident-response,reference_sheet,safety,"",guidelines,"","Guidelines for actions to take following a hazardous materials incident, including safety measures and decontamination procedures.",hazardous materials|decontamination|ventilation|medical treatment|disposal of contaminated materials,Return home when safe|Ventilate home|Follow decontamination instructions|Seek medical treatment|Dispose of contaminated clothing|Report hazards,fans|sealed containers,Improper decontamination|Exposure to lingering hazards,Avoid contact with contaminated materials|Follow local authority instructions,Local authority instructions|Community-specific hazards,false,false,0.9
src.fema.are-you-ready.2004,3.2,134,134,3.2,seg_000203,emergency-preparedness.basic-safety-tips,reference_sheet,emergency-preparedness,"",concept,"",A reference sheet providing basic safety tips for emergency preparedness.,emergency preparedness|safety tips,review safety tips|implement safety measures,"",lack of awareness|inadequate preparation,"",regional hazards|community resources,false,false,0.8
src.fema.are-you-ready.2004,seg_000204,134,135,Household Chemical Emergencies,seg_000204,safety.household-chemical-emergencies,safety_notice,safety,"",concept,household|emergency preparedness,"Guidance on handling household chemical emergencies, including identification of hazardous materials and appropriate response actions.",hazardous materials|chemical safety|emergency response,identify hazardous materials|implement safety measures|respond to chemical spills,safety gloves|protective eyewear|ventilation equipment,improper handling of chemicals|inadequate ventilation,avoid direct contact with chemicals|ensure proper ventilation,availability of safety equipment|local chemical usage patterns,false,false,0.9
src.fema.are-you-ready.2004,seg_000205,135,135,Cleaning Products,seg_000205,safety.cleaning-products,reference_sheet,safety,"",reference,"",A list of common cleaning products that may require safety considerations.,cleaning products|safety,"","","","","",false,false,0.9
src.fema.are-you-ready.2004,seg_000206,135,135,Automotive Products,seg_000206,automotive.product-safety,reference_sheet,automotive,"",reference,"","A list of common automotive products including motor oil, fuel additives, and antifreeze.",motor oil|fuel additives|carburetor cleaners|air conditioning refrigerants|starter fluids|automotive batteries|transmission fluid|brake fluid|antifreeze,"","","","","",false,false,0.9
src.fema.are-you-ready.2004,seg_000207,135,135,Lawn and Garden Products,seg_000207,safety.lawn-garden-products,reference_sheet,safety,"",mapping,"","A reference sheet listing various lawn and garden products including herbicides, insecticides, and fungicides/wood preservatives.",Herbicides|Insecticides|Fungicides,"","","","","",false,false,0.9
src.fema.are-you-ready.2004,seg_000208,135,135,Indoor Pesticides,seg_000208,safety.indoor-pesticides,reference_sheet,safety,"",mapping,"","A reference sheet listing various indoor pesticides including ant sprays, cockroach sprays, flea repellents, and mouse poisons.",Ant sprays|Cockroach sprays|Flea repellents|Mouse poisons,"","","","","",false,false,0.9
src.fema.are-you-ready.2004,seg_000209,135,135,Workshop/Painting Supplies,seg_000209,safety.workshop-painting-supplies,reference_sheet,safety,"",mapping,"","A reference sheet listing various workshop and painting supplies including adhesives, paint thinners, and photographic chemicals.",Adhesives|Paint thinners|Photographic chemicals,"","","","","",false,false,0.9
src.fema.are-you-ready.2004,seg_000210,135,135,Miscellaneous,seg_000210,safety.miscellaneous-hazardous-materials,reference_sheet,safety,"",reference,"","A reference sheet listing miscellaneous hazardous materials such as batteries, mercury thermostats, fluorescent light bulbs, and driveway sealer.",hazardous materials|safety precautions,"","","","","",false,false,0.9
src.fema.are-you-ready.2004,seg_000211,136,136,Other Flammable Products,seg_000211,safety.flammable-products-handling,reference_sheet,safety,"",reference,"","A reference sheet listing flammable products such as propane tanks, kerosene, and diesel fuel, with emphasis on handling and emergency response.",flammable products|emergency response,handle flammable products safely|react during an emergency,"","","","",false,false,0.9
src.fema.are-you-ready.2004,seg_000213,137,137,During a Household Chemical Emergency,seg_000213,emergency.household-chemical-safety,reference_sheet,emergency,"",deployment,"","Guidelines for responding to household chemical emergencies, including evacuation, first aid, and contamination management.",chemical emergency|evacuation|first aid|contamination,Evacuate immediately if there is a risk of fire or explosion.|Call the fire department from a safe location.|Stay upwind to avoid toxic fumes.|Provide emergency services with information about the chemical.|Follow first aid instructions from emergency operators.,cellular phone|emergency contact numbers,delayed evacuation|incorrect first aid,Do not re-enter the residence until it is safe.|Do not give anything by mouth unless advised by a professional.,availability of emergency services|local chemical usage patterns,false,false,0.95
src.fema.are-you-ready.2004,seg_000214,138,138,Checking Your Home,seg_000214,safety.home-hazard-check,skill_guide,safety,"",deployment,"",Guide for identifying and managing hazardous materials in the home.,hazardous materials|home safety,identify hazardous materials|check labels|store safely|dispose properly,list of hazardous items|manufacturer's directions,improper storage|incorrect disposal,keep out of reach of children,availability of storage solutions,false,false,0.9
src.fema.are-you-ready.2004,seg_000216,139,139,Other Publications American Red Cross,seg_000216,emergency-preparedness.chemical-emergencies,reference_sheet,emergency-preparedness,"",reference,"","A reference sheet on handling household chemical emergencies, detailing hazards and emergency actions.",household chemical hazards|emergency response,identify chemical hazards|execute emergency procedures,"",misidentification of chemicals|inadequate emergency response,"","",false,false,0.9
src.fema.are-you-ready.2004,3.3,140,140,3.3,seg_000217,emergency.preparedness-checklist,reference_sheet,emergency_management,"",deployment,"","A checklist for emergency preparedness, outlining essential items and actions to take in preparation for emergencies.",emergency preparedness|checklist,gather essential items|review emergency plans,emergency kit|communication devices,incomplete checklist|outdated information,"",regional hazards|community resources,false,false,0.9
src.fema.are-you-ready.2004,seg_000218,140,141,Nuclear Power Plants,seg_000218,emergency-response.nuclear-power-plants,concept_note,emergency-response,"",concept,"","Overview of nuclear power plants, their operation, potential risks, and emergency response plans.",nuclear fission|radiation exposure|emergency planning zones,monitor radiation levels|implement emergency response plans,radiation detectors|emergency communication systems,radiation leak|inadequate emergency response,10-mile emergency planning zone|50-mile contamination zone,proximity to nuclear power plants|local government emergency plans,false,false,0.9
src.fema.are-you-ready.2004,seg_000219,141,142,Minimizing Exposure to Radiation,seg_000219,safety.minimizing-radiation-exposure,reference_sheet,safety,"",concept,"","Guidelines on minimizing exposure to radiation through distance, shielding, and time.",Distance|Shielding|Time,Evacuation|Remaining indoors,"","","","",false,false,0.9
src.fema.are-you-ready.2004,seg_000220,142,142,Know the Terms,seg_000220|seg_000221|seg_000222|seg_000223|seg_000224,safety.nuclear-emergency-terms,reference_sheet,safety,"",concept,"",Definitions of terms used to describe the severity of nuclear power plant emergencies.,Notification of Unusual Event|Alert|Site Area Emergency|General Emergency,Listening to radio or television for instructions,"","","","",false,false,0.9
src.fema.are-you-ready.2004,seg_000226,143,143,During a Nuclear Power Plant Emergency,seg_000226,emergency.nuclear-power-plant,reference_sheet,emergency,"",guidelines,"","Guidelines for actions to take during a nuclear power plant emergency, including evacuation and sheltering in place.",nuclear power plant emergency|evacuation|sheltering in place,Listen to battery-powered radio|Close and lock doors and windows|Evacuate with car windows and vents closed|Turn off air intakes if staying indoors|Go to a basement if possible|Change clothes if exposed to radiation|Seal exposed clothing in a plastic bag|Take a thorough shower|Keep food in covered containers,battery-powered radio|plastic bag|shower,Exposure to radiation|Contaminated food,"",Availability of a basement or underground area|Access to a battery-powered radio,false,false,0.9
src.fema.are-you-ready.2004,seg_000227,143,143,After a Nuclear Power Plant,seg_000227,emergency.nuclear-power-plant-recovery,reference_sheet,emergency,"",local deployment,"",Guidance on seeking medical treatment for symptoms related to radiation exposure and following disaster recovery instructions.,radiation exposure|medical treatment|disaster recovery,seek medical treatment|follow disaster recovery instructions,"",ignoring symptoms|not following recovery instructions,"","",false,false,0.9
src.fema.are-you-ready.2004,seg_000228,144,144,Technological Hazards Knowledge Check,seg_000228,emergency-preparedness.technological-hazards-knowledge-check,assessment,emergency-preparedness,"",assessment,"","A set of questions designed to assess knowledge and preparedness for technological hazards, including hazardous materials, radiation exposure, and nuclear power plant emergencies.",hazardous materials|radiation exposure|nuclear power plant emergencies|shelter-in-place|community safety,reduce threat from hazardous materials|respond to hazardous materials incident|shelter-in-place during chemical release,National Poison Control Center contact|community hazardous materials information,lack of knowledge about emergency procedures|inability to contact emergency services,"",community-specific hazardous materials information|local emergency contact numbers,false,false,0.95
src.fema.are-you-ready.2004,seg_000229,145,145,Answers,seg_000229,safety.hazardous-materials-handling,skill_guide,safety,"",practical,"","Guidelines for handling hazardous materials safely, including identification, storage, and disposal practices.",hazardous materials identification|safe storage practices|disposal of hazardous waste,Identify hazardous materials|Follow manufacturer's instructions|Store in original containers|Avoid mixing chemicals|Dispose of waste properly,original containers|rags for spill cleanup,mixing incompatible chemicals|improper storage leading to leaks,do not smoke near chemicals|avoid contact with spills,availability of local collection programs,false,false,0.9
src.fema.are-you-ready.2004,seg_000229,145,145,Answers,seg_000229,safety.hazardous-materials-avoidance,skill_guide,safety,"",practical,"","Instructions for avoiding hazardous materials, including maintaining distance and avoiding contact.",hazardous materials avoidance|safe distance,"Stay upstream, uphill, and upwind|Maintain a safe distance from spills","",walking into contaminated areas,do not touch spills|maintain distance,"",false,false,0.85
src.fema.are-you-ready.2004,seg_000230,146,146,4 Terrorism,seg_000230,emergency-preparedness.terrorism-response,module,emergency-preparedness,"",deployment,"","Module on preparing for and responding to terrorist threats, including recognizing terms, taking protective measures, and identifying resources.",terrorist threats|national security|protective measures,include actions in family disaster plan|take protective measures|respond to events,"",inadequate preparation|failure to recognize threats,"",local political unrest|technological infrastructure,false,false,0.9
src.fema.are-you-ready.2004,4.1,148,148,4.1,seg_000231,emergency.preparedness-checklist,reference_sheet,emergency_management,"",concept,"","A checklist for emergency preparedness, detailing essential items and actions to take before an emergency occurs.",emergency preparedness|checklist,gather supplies|create a family plan,emergency kit|communication devices,incomplete checklist|outdated information,"",regional risks|local resources,false,false,0.9
src.fema.are-you-ready.2004,seg_000232,148,150,General Information about Terrorism,seg_000232,emergency-preparedness.terrorism-awareness,concept_note,emergency-preparedness,"",awareness,"","Overview of terrorism, its forms, and general preparedness guidelines.",terrorism|intimidation|coercion|public fear,be aware of surroundings|report suspicious behavior|know emergency exits|prepare for service disruptions,portable radio|flashlights|first aid kit|hard hats|dust masks|fluorescent tape,unawareness of surroundings|failure to report suspicious activities,"",building-specific emergency plans,false,false,0.9
src.fema.are-you-ready.2004,seg_000233,152,153,4.2 Explosions,seg_000233,emergency-response.explosive-devices,concept_note,emergency-response,"",concept,"","Overview of the use of explosive devices by terrorists, including their construction, transport, and typical targets.",explosive devices|terrorism|public safety,"","","","","",false,false,0.9
src.fema.are-you-ready.2004,seg_000234,153,153,Parcels that should make you suspicious,seg_000234,safety.suspicious-parcel-identification,reference_sheet,safety,"",awareness,"","Guidelines for identifying suspicious parcels based on various indicators such as unexpected origin, lack of return address, restrictive endorsements, unusual weight, and inappropriate labeling.",suspicious parcels|security indicators,identify suspicious parcels|evaluate parcel characteristics,"",misidentification of parcels|overlooking key indicators,"","",false,false,0.9
src.fema.are-you-ready.2004,seg_000236,154,154,During an Explosion,seg_000236,emergency-response.explosion-safety,skill_guide,emergency-response,"",deployment,"","Guidelines for actions to take during an explosion, including seeking shelter under sturdy furniture, quickly exiting the building, and avoiding elevators.",explosion safety|emergency evacuation,Get under a sturdy table or desk|Leave the building quickly|Avoid using elevators,"",Stopping to retrieve personal possessions|Using elevators during evacuation,Watch for weakened floors and stairways|Be cautious of falling debris,"",false,false,0.9
src.fema.are-you-ready.2004,seg_000237,154,154,Once you are out,seg_000237,safety.post-evacuation-protocols,reference_sheet,safety,"",local deployment,"","Guidelines for actions to take once evacuated from a building, focusing on avoiding hazardous areas and clearing paths for emergency personnel.",post-evacuation safety|emergency protocols,Avoid standing in front of windows or glass doors|Move away from sidewalks or streets used by emergency officials,"",Standing in hazardous areas|Blocking emergency routes,"","",false,false,0.9
src.fema.are-you-ready.2004,seg_000238,154,154,If you are trapped in debris,seg_000238,safety.trapped-in-debris,reference_sheet,safety,"",local deployment,"",Guidelines for signaling rescuers and protecting oneself when trapped in debris.,signaling rescuers|dust inhalation prevention,use flashlight to signal|cover nose and mouth|tap on pipe or wall|use whistle|shout as last resort,flashlight|dense-weave cotton material|whistle,inhaling dust|not being heard by rescuers,"","",false,false,0.95
src.fema.are-you-ready.2004,seg_000239,154,155,Review,seg_000239,safety.fire-escape-guidelines,reference_sheet,safety,"",local deployment,"",Safety guidelines for escaping fires and instructions for recovering from a disaster.,fire escape|disaster recovery,"","","","","",false,false,0.85
src.fema.are-you-ready.2004,seg_000241,155,155,Publications American Red Cross,seg_000241,emergency.preparing-for-terrorism,reference_sheet,emergency,"",concept,"",Document providing preparation guidelines for a terrorist attack or similar emergency.,terrorism preparation|emergency guidelines,review guidelines|implement safety measures,online document,inadequate preparation|misinterpretation of guidelines,"",availability of resources|local threat levels,false,false,0.9
src.fema.are-you-ready.2004,seg_000242,156,157,4.3 Biological Threats,seg_000242,emergency-preparedness.biological-threats,concept_note,emergency-preparedness,"",concept,"","Overview of biological threats, including types of biological agents, their characteristics, and methods of dispersion.",biological agents|bacteria|viruses|toxins|dispersion methods,"","",difficulty in growing and maintaining agents|breakdown of agents in sunlight,"","",false,false,0.9
src.fema.are-you-ready.2004,seg_000242,156,157,4.3 Biological Threats,seg_000242,emergency-preparedness.biological-agent-dispersion,reference_sheet,emergency-preparedness,"",reference,"","Methods of biological agent dispersion including aerosols, animals, food and water contamination, and person-to-person transmission.",aerosols|animals|food and water contamination|person-to-person transmission,"","","","","",false,false,0.85
src.fema.are-you-ready.2004,seg_000244,158,158,Filtration in Buildings,seg_000244,emergency-management.filtration-in-buildings,reference_sheet,emergency-management,"",concept,"","Guidance on filtration systems in buildings to protect against biological agents, referencing NIOSH publication for technical details.",filtration systems|biological agents|building protection,determine filtration type|assess protection level,NIOSH publication,"","","",false,false,0.9
src.fema.are-you-ready.2004,seg_000244,158,158,During a Biological Attack,seg_000244,emergency-management.biological-attack-response,skill_guide,emergency-management,"",skill,"","Steps to take during a biological attack, including monitoring media for information and practicing good hygiene.",biological attack|public health response,monitor media|practice hygiene|seek medical attention,"",delayed response|misinformation,"","",false,false,0.95
src.fema.are-you-ready.2004,seg_000244,158,158,If you are exposed to a biological agent,seg_000244,emergency-management.exposure-response,skill_guide,emergency-management,"",skill,"","Guidance on actions to take if exposed to a biological agent, including decontamination and seeking medical help.",biological exposure|decontamination,remove contaminated clothing|wash with soap and water|seek medical assistance,"",improper decontamination|failure to seek medical help,"","",false,false,0.95
src.fema.are-you-ready.2004,seg_000245,159,159,Using HEPA Filters,seg_000245,emergency-preparedness.hepa-filter-use,skill_guide,emergency-preparedness,"",deployment,"",Guidance on using HEPA filters during biological attacks to improve air safety in homes and buildings.,HEPA filters|biological attack|air filtration,Turn on central heating and cooling system|Use portable HEPA filter in shelter room,HEPA filter|central heating and cooling system,HEPA filters do not filter chemical agents,"",Presence of central heating and cooling system|Availability of portable HEPA filters,false,false,0.9
src.fema.are-you-ready.2004,seg_000245,159,159,Getting Informed in Section 1.1,seg_000245,emergency-preparedness.biological-attack-response,concept_note,emergency-preparedness,"",awareness,"","Concepts for responding to biological attacks, including the importance of following official instructions and understanding public health procedures.",biological attack|public health procedures|official instructions,Pay attention to official warnings|Follow medical protocols,"","","","",false,false,0.85
src.fema.are-you-ready.2004,seg_000246,160,161,4.4 Chemical Threats,seg_000246,emergency-preparedness.chemical-threats,concept_note,emergency-preparedness,"",concept,"","Overview of chemical threats, including types of chemical agents, their effects, and signs of a chemical release.",Chemical agents|Toxic effects|Delivery methods|Signs of chemical release,"","","","","",false,false,0.9
src.fema.are-you-ready.2004,seg_000248,164,165,4.5 Nuclear Blast,seg_000248,emergency-preparedness.nuclear-blast-response,concept_note,emergency-preparedness,"",concept,"","Overview of the effects and characteristics of a nuclear blast, including intense light, heat, pressure wave, and radioactive contamination.",nuclear blast|intense light and heat|pressure wave|radioactive contamination,"","","","","",false,false,0.9
src.fema.are-you-ready.2004,seg_000249,165,165,Hazards of Nuclear Devices,seg_000249,emergency-preparedness.nuclear-device-hazards,concept_note,emergency-preparedness,"",concept,"","This concept note outlines the factors affecting the hazards of nuclear devices, including device size, detonation height, surface nature, and meteorological conditions.",nuclear device hazards|blast effects|radioactive fallout,"","","","","",false,false,0.9
src.fema.are-you-ready.2004,seg_000250,165,165,Radioactive Fallout,seg_000250,emergency.radioactive-fallout,concept_note,emergency,"",concept,"","Explains the concept of radioactive fallout resulting from nuclear blasts, including its formation, spread, and detection.",radioactive fallout|nuclear blast|mushroom cloud|residual nuclear radiation,"",radiation monitoring devices,undetected radiation exposure,"","",false,false,0.9
src.fema.are-you-ready.2004,seg_000251,166,166,Electromagnetic Pulse,seg_000251,emergency.electromagnetic-pulse,concept_note,emergency,"",concept,"","Describes the effects of an electromagnetic pulse (EMP) from a nuclear detonation, including potential damage to electronic devices.",electromagnetic pulse|nuclear detonation|electronic device damage,"","",electronic device failure,"","",false,false,0.9
src.fema.are-you-ready.2004,seg_000252,166,167,Protection from a Nuclear Blast,seg_000252,emergency.protection-from-nuclear-blast,skill_guide,emergency,"",skill,"","Guidance on protecting oneself from a nuclear blast, focusing on distance, shielding, and time as key protective factors.",distance|shielding|time,evacuate potential target areas|seek shelter in underground or middle of large buildings,"",inadequate shelter|insufficient distance from fallout,"","",false,false,0.95
src.fema.are-you-ready.2004,seg_000254,169,169,Returning to Your Home,seg_000254,emergency.returning-home-safely,reference_sheet,emergency,"",local deployment,"","Guidelines for safely returning home after an emergency, emphasizing the importance of staying informed and avoiding hazardous areas.",radiation hazard|HAZMAT|emergency communication,listen to news|avoid damaged areas|follow specific return instructions,radio|television,entering hazardous areas|ignoring official instructions,stay away from radiation hazard areas,availability of local news channels,false,false,0.9
src.fema.are-you-ready.2004,seg_000255,170,170,4.6,seg_000255,emergency.preparedness-checklist,reference_sheet,emergency_management,"",deployment,household|community,"A checklist for emergency preparedness covering essential supplies and actions to take before, during, and after an emergency.",emergency preparedness|checklist|supplies,gather supplies|create a plan|stay informed,emergency kit|communication devices,lack of supplies|poor communication,ensure all family members are aware of the plan,regional hazards|community resources,false,false,0.9
src.fema.are-you-ready.2004,seg_000256,170,171,Radiological Dispersion Device (RDD),seg_000256,emergency.radiological-dispersion-device,concept_note,emergency,"",concept,"","An overview of Radiological Dispersion Devices (RDDs), their construction, potential impact, and the motivations behind their use.",Radiological Dispersion Device|RDD|dirty bomb|psychological fear|economic disruption,"","",Improper evacuation|Inadequate sheltering,"","",false,false,0.9
src.fema.are-you-ready.2004,seg_000258,173,173,Terrorism Knowledge Check,seg_000258,emergency-response.terrorism-knowledge-check,assessment,emergency-response,"",assessment,"","An assessment to evaluate knowledge on responding to various terrorism-related scenarios, including explosions, suspicious packages, bomb threats, nuclear blasts, and chemical attacks.",terrorism response|nuclear blast protection|chemical attack preparedness,identify safe actions during explosions|handle suspicious packages|respond to bomb threats|take cover during nuclear blasts|prepare disaster supplies for chemical attacks,disaster supplies kit|duct tape|plastic sheeting|scissors,inadequate shelter|improper handling of suspicious items,"",availability of materials|local building structures,false,false,0.9
src.fema.are-you-ready.2004,4.7,174,174,4.7,seg_000259,emergency-preparedness.are-you-ready,assessment,emergency-preparedness,"",assessment,"",An assessment section to evaluate readiness for emergencies.,emergency readiness|preparedness evaluation,evaluate readiness|identify preparedness gaps,"",incomplete assessment|misidentification of gaps,"",regional emergency scenarios|local resources availability,false,false,0.9
src.fema.are-you-ready.2004,seg_000260,174,175,Homeland Security Advisory System,seg_000260,security.homeland-security-advisory-system,reference_sheet,security,"",concept,"","The Homeland Security Advisory System provides a framework for disseminating information about the risk of terrorist acts, using a set of graduated threat conditions with corresponding protective measures.",threat conditions|protective measures|risk assessment,disseminate information|implement protective measures|review threat conditions,"",inaccurate threat assessment|ineffective protective measures,"",geographic area-specific conditions|sector-specific measures,false,false,0.9
src.fema.are-you-ready.2004,seg_000261,175,175,Threat Conditions and Associated Protective Measures,seg_000261,emergency.threat-conditions-protective-measures,reference_sheet,emergency,"",concept,"","A reference sheet detailing threat conditions and associated protective measures for escalating terrorist threats. It outlines cumulative protective actions for government, private sector, and public.",threat conditions|protective measures|terrorist threat levels,implement protective measures|escalate actions with threat level,"",inadequate response to threat level|failure to implement cumulative measures,"",regional threat assessment|local government guidelines,false,false,0.9
src.fema.are-you-ready.2004,seg_000262,176,176,Citizen Guidance on the Homeland Security Advisory System,seg_000262,emergency-preparedness.homeland-security-advisory,reference_sheet,emergency-preparedness,"",guidance,public safety|emergency response,Guidance for citizens on understanding and responding to the Homeland Security Advisory System.,Homeland Security Advisory System|threat levels|public guidance,monitor threat levels|follow public safety instructions,"",misinterpretation of threat levels|non-compliance with guidance,"",regional threat level variations|local emergency protocols,false,false,0.9
src.fema.are-you-ready.2004,seg_000263,176,176,Low Risk,seg_000263,emergency-preparedness.low-risk-actions,reference_sheet,emergency-preparedness,"",initial,"","Guidelines for preparing a family emergency plan, creating an emergency supply kit, and engaging in community volunteer opportunities.",family emergency plan|emergency supply kit|community volunteering,Develop and practice a family emergency plan|Create an emergency supply kit|Engage in community volunteer opportunities,emergency supply kit|family emergency plan,"","",community-specific volunteer opportunities,false,false,0.9
src.fema.are-you-ready.2004,seg_000264,176,176,Guarded Risk Y,seg_000264,emergency-preparedness.guarded-risk-actions,reference_sheet,emergency-preparedness,"",initial,"","Actions to take at a guarded risk level, including reviewing and updating disaster supplies and being alert to suspicious activity.",guarded risk level|disaster supplies review,Review and replace outdated disaster supplies|Be alert to suspicious activity,disaster supplies,"","","",false,false,0.9
src.fema.are-you-ready.2004,seg_000265,176,176,Elevated Risk YELLOW,seg_000265,emergency-preparedness.elevated-risk-actions,reference_sheet,emergency-preparedness,"",initial,"","Actions for elevated risk level, including ensuring disaster supplies are ready and updating family emergency plans.",elevated risk level|disaster supplies readiness,Ensure disaster supplies are stocked|Update family emergency plan,disaster supplies|family emergency plan,"","","",false,false,0.9
src.fema.are-you-ready.2004,seg_000266,176,176,High RiskORANGE,seg_000266,emergency-preparedness.high-risk-actions,reference_sheet,emergency-preparedness,"",initial,"","Guidance for high risk level, including reviewing emergency plans and checking on neighbors.",high risk level|emergency plan review,Review family emergency plan|Check on neighbors,family emergency plan,"","","",false,false,0.9
src.fema.are-you-ready.2004,seg_000267,176,176,Severe Risk,seg_000267,emergency-preparedness.severe-risk-actions,reference_sheet,emergency-preparedness,"",initial,"","Actions for severe risk level, including listening to local officials and preparing to shelter or evacuate.",severe risk level|shelter or evacuation preparation,Listen to local emergency officials|Prepare to shelter or evacuate,"","","","",false,false,0.9
src.fema.are-you-ready.2004,seg_000270,178,180,Publications American Red Cross,seg_000270,emergency-preparedness.homeland-security-advisory-system,reference_sheet,emergency-preparedness,"",concept,individuals|families|neighborhoods|schools|businesses,Recommendations for preparedness activities tailored for different populations under the Homeland Security Advisory System.,preparedness activities|Homeland Security Advisory System,review recommendations|implement preparedness activities,online resources,lack of awareness|incomplete implementation,"",community-specific needs,false,false,0.9
src.fema.are-you-ready.2004,seg_000271,180,180,Recovering from Disaster,seg_000271,disaster.recovery-process,module,disaster_management,"",local_deployment,"","Guidelines and steps for recovering from a disaster, including assessing damage, contacting insurance, and seeking assistance.",disaster recovery|damage assessment|insurance contact|assistance seeking,assess damage|contact insurance|seek assistance,insurance documents|damage assessment forms,incomplete damage assessment|delayed insurance contact,"",availability of local assistance programs|regional insurance policies,false,false,0.9
src.fema.are-you-ready.2004,seg_000272,181,182,Health and Safety Guidelines,seg_000272,health-safety.post-disaster-guidelines,reference_sheet,health-safety,"",guidelines,"","Guidelines for maintaining health and safety after a disaster, including first aid, exhaustion prevention, and identifying new safety issues.",post-disaster recovery|health and safety|first aid|exhaustion prevention,check for injuries|stabilize neck and back|perform artificial respiration|maintain body temperature|avoid feeding liquids to unconscious persons|set priorities and pace yourself|inform authorities of safety issues,blankets|work boots|gloves|soap|clean water,moving seriously injured persons unnecessarily|overexertion|ignoring new safety hazards,do not move seriously injured persons unless necessary|do not feed liquids to unconscious persons,availability of clean water|local authority response,false,false,0.95
src.fema.are-you-ready.2004,seg_000273,182,182,Returning Home,seg_000273,emergency.returning-home,concept_note,emergency,"",concept,"",Guidance on the challenges and precautions when returning home after an emergency.,caution|physical challenges|mental challenges,"","","","","",false,false,0.8
src.fema.are-you-ready.2004,seg_000274,182,182,General tips,seg_000274,safety.general-tips,reference_sheet,safety,"",local deployment,"","General safety tips for inspecting a damaged home after a disaster, including using battery-powered devices, avoiding animals, and staying off streets.",battery-powered devices|emergency updates|animal safety|structural safety,Listen for emergency updates|Inspect home with flashlight|Use phone for emergencies only|Check for structural damage,battery-powered radio|battery-powered flashlight|stick for debris,igniting gas with flashlight|injury from debris,avoid using phone unnecessarily|stay off streets unless necessary,availability of battery-powered devices|local wildlife considerations,false,false,0.9
src.fema.are-you-ready.2004,seg_000275,182,184,Do not enter if,seg_000275,safety.home-entry-guidelines,reference_sheet,safety,"",local deployment,"","Guidelines for safely entering a home after a disaster, including checks for gas leaks, electrical safety, structural integrity, and contamination.",gas leaks|electrical safety|structural integrity|contamination,Check for gas smell|Inspect electrical system|Assess structural damage|Evaluate water and sewage systems,main gas valve|main fuse box|circuit breaker,gas explosion|electrical shock|structural collapse,do not enter if gas is smelled|avoid using open flames,local building codes|availability of professional inspectors,false,false,0.95
src.fema.are-you-ready.2004,seg_000276,184,184,Guidelines,seg_000276,safety.animal-encounter-guidelines,safety_notice,safety,"",guidelines,"",Guidelines for safely handling encounters with wild or injured animals during emergencies.,animal safety|emergency response,Do not approach injured animals|Contact animal control for assistance|Provide escape routes for wild animals|Seek medical attention if bitten,"",Approaching wild animals|Handling dead animals,Avoid contact with wild animals|Do not attempt to move dead animals,Contact local animal control|Contact local health department,false,false,0.95
src.fema.are-you-ready.2004,seg_000277,184,185,Seeking Disaster Assistance,seg_000277,emergency.disaster-assistance,reference_sheet,emergency,"",general,"","This section provides information on seeking disaster assistance, including direct assistance from organizations like the American Red Cross and Salvation Army, and federal assistance available after a major disaster declaration.",disaster assistance|direct assistance|federal assistance,monitor media for assistance information|apply for federal assistance after a major disaster declaration,"",lack of information on available assistance,"",availability of local volunteer organizations,false,false,0.9
src.fema.are-you-ready.2004,seg_000278,185,187,Coping with Disaster,seg_000278,mental-health.coping-with-disaster,concept_note,mental_health,"",concept,"","This section discusses the emotional impact of disasters and provides guidance on coping mechanisms, recognizing signs of stress, and seeking help.",emotional toll of disasters|coping mechanisms|recognizing stress signs,acknowledge feelings|focus on strengths|seek community help,"",ignoring emotional impact|not seeking help,"",contact local organizations for counseling,false,false,0.9
src.fema.are-you-ready.2004,seg_000278,185,187,Coping with Disaster,seg_000278,mental-health.recognizing-disaster-stress,reference_sheet,mental_health,"",reference,"","A reference sheet listing signs of disaster-related stress in adults, indicating when crisis counseling or stress management might be needed.",disaster-related stress|signs of stress,recognize stress signs|seek professional help,"",misinterpreting stress signs,"","",false,false,0.85
src.fema.are-you-ready.2004,seg_000278,185,187,Coping with Disaster,seg_000278,mental-health.easing-disaster-stress,skill_guide,mental_health,"",skill,"","A guide on easing disaster-related stress through communication, professional help, and maintaining routines.",easing stress|communication|routine maintenance,talk about feelings|seek professional help|maintain routines,"",isolating oneself|neglecting self-care,"","",false,false,0.88
src.fema.are-you-ready.2004,seg_000279,187,187,Helping Children Cope,seg_000279,psychology.helping-children-cope-with-disaster,concept_note,psychology,"",concept,disaster response|child psychology,"This section discusses how disasters can affect children emotionally and behaviorally, and emphasizes the importance of parents and teachers being prepared to help children cope with stress reactions.",children's emotional response to disaster|behavioral changes in children post-disaster|importance of adult support,monitor children's behavior|provide emotional support|communicate openly about the disaster,"",ignoring children's emotional needs|misinterpreting behavioral changes,"",cultural differences in expressing emotions|availability of psychological support services,false,false,0.9
src.fema.are-you-ready.2004,seg_000280,187,187,Who is at Risk?,seg_000280,psychological-impact.children-disaster-risk,concept_note,psychological-impact,disaster-preparedness|child-psychology,concept,disaster-response|mental-health,"This concept note identifies children at risk for enduring psychological distress following disasters, highlighting direct exposure, loss/grief, and ongoing stress as major risk factors.",psychological distress|risk factors|children|disaster exposure|loss and grief|ongoing stress,"","",underestimating risk factors|inadequate support systems,"",cultural differences in grief processing|variability in social support systems,false,false,0.9
src.fema.are-you-ready.2004,seg_000281,187,188,What Creates Vulnerabilities in Children?,seg_000281,psychology.child-vulnerability-disasters,concept_note,psychology,"",concept,"","Explores factors that create vulnerabilities in children during disasters, emphasizing the role of parental coping and involvement in disaster planning.",child vulnerability|parental influence|disaster planning,engage children in disaster planning|manage parental emotions,"",ignoring parental influence|lack of disaster planning,"","",false,false,0.9
src.fema.are-you-ready.2004,seg_000283,188,188,A Child's Reaction to Disaster by Age,seg_000283,psychology.child-reactions-disaster-age,reference_sheet,psychology,"",reference,"","Details common reactions of children to disasters, categorized by age groups, from birth to adolescence.",age-specific reactions|trauma response,"","",misunderstanding age-specific needs,"","",false,false,0.95
src.fema.are-you-ready.2004,seg_000284,189,189,Meeting the Child's Emotional Needs,seg_000284,psychology.meeting-child-emotional-needs,skill_guide,psychology,"",skill,"",Guides adults on how to meet children's emotional needs post-disaster by encouraging expression and clarifying misunderstandings.,emotional support|communication,encourage expression|clarify misunderstandings,"",ignoring emotional needs|providing incorrect information,"","",false,false,0.9
src.fema.are-you-ready.2004,seg_000285,189,189,Reassuring Children After a Disaster,seg_000285,psychology.reassuring-children-disaster,skill_guide,psychology,"",skill,"","Provides strategies to reassure children after a disaster, including maintaining routines and involving them in recovery plans.",reassurance|routine|involvement,maintain routines|involve children in recovery,"",disruption of routine|lack of involvement,"","",false,false,0.9
src.fema.are-you-ready.2004,seg_000286,190,190,Monitor and Limit Your Family's Exposure to the Media,seg_000286,psychology.media-exposure-management,skill_guide,psychology,"",skill,"","Advises on managing media exposure for families post-disaster to prevent anxiety, especially in children.",media exposure|anxiety prevention,limit media exposure|supervise media consumption,"",overexposure to media,"","",false,false,0.9
src.fema.are-you-ready.2004,seg_000287,190,190,Use Support Networks,seg_000287,psychology.support-networks-disaster,concept_note,psychology,"",concept,"",Highlights the importance of support networks for parents to manage their emotions and better support their children during disasters.,support networks|parental support,build support networks|manage parental emotions,"",lack of support,"","",false,false,0.9
src.fema.are-you-ready.2004,seg_000288,190,191,Helping Others,seg_000288,disaster-relief.volunteering-guidelines,reference_sheet,disaster-relief,"",guidelines,"","Guidelines for helping others after a disaster, including volunteering, donating money, and providing supplies.",volunteering|donations|disaster relief,Volunteer with local organizations|Bring personal supplies to disaster areas|Donate money to recognized organizations|Avoid unsolicited item donations,food|water|emergency supplies,Unsolicited donations overwhelming agencies|Lack of coordination in supply distribution,"",Local news reports|Specific requests from organizations,false,false,0.9
src.fema.are-you-ready.2004,seg_000290,192,192,Appendix A: Water Conservation Tips,seg_000290,sustainability.indoor-water-conservation,reference_sheet,sustainability,"",General,"",Indoor water conservation tips to reduce water usage and improve efficiency.,water conservation|efficiency|plumbing maintenance,Reuse water|Repair leaks|Install aerators|Use efficient appliances,aerators|flow restrictors|instant hot water heater|insulation|water-softening system,Ignoring leaks|Using inefficient appliances,"",Availability of plumbers|Local water hardness,false,false,0.95
src.fema.are-you-ready.2004,seg_000291,192,192,Bathroom,seg_000291,water-conservation.bathroom-practices,reference_sheet,water-conservation,"",concept,"","Guidelines for reducing water usage in the bathroom, including using low-volume toilets, displacement devices, and ultra-low-flow showerheads.",low-volume toilets|toilet displacement devices|ultra-low-flow showerheads,purchase low-volume toilet|install toilet displacement device|replace showerhead|use bucket to catch excess water|dispose waste in trash|take short showers|turn off water when not needed,low-volume toilet|toilet displacement device|ultra-low-flow showerhead|bucket,using a brick in toilet tank,"",legal requirements for low-volume toilets,false,false,0.9
src.fema.are-you-ready.2004,seg_000292,192,193,Kitchen,seg_000292,water-conservation.kitchen-practices,reference_sheet,water-conservation,"",concept,"","Guidelines for reducing water usage in the kitchen, including efficient dishwasher use, hand washing techniques, and alternative food waste disposal.",efficient dishwasher use|hand washing techniques|composting,operate dishwasher when full|use light wash feature|hand wash with two containers|clean vegetables in a pan|start a compost pile|store drinking water in refrigerator|capture water for other uses|avoid rinsing dishes before dishwasher|defrost food in refrigerator,automatic dishwasher|containers for washing|pan for cleaning vegetables|compost pile,"","","",false,false,0.9
src.fema.are-you-ready.2004,seg_000293,193,193,Laundry,seg_000293,home.laundry-efficiency,reference_sheet,home,"",local deployment,"",Guidelines for operating automatic clothes washers efficiently by ensuring full loads or adjusting water levels.,efficiency|water conservation,operate washers fully loaded|adjust water level,automatic clothes washer,inefficient water use,"",availability of water-efficient washers,false,false,0.9
src.fema.are-you-ready.2004,seg_000294,193,193,Outdoor Water Conservation Tips,seg_000294,environment.outdoor-water-conservation,reference_sheet,environment,"",General,"","Tips for conserving water outdoors, including checking well pumps, planting drought-tolerant plants, using efficient irrigation, and avoiding water-intensive features.",water conservation|drought-tolerant plants|efficient irrigation,check well pump|plant native grasses|install drip irrigation|use mulch,well pump|native plants|irrigation devices|mulch,leaks in water systems|inefficient irrigation,"",availability of native plants|local irrigation practices,false,false,0.9
src.fema.are-you-ready.2004,seg_000295,193,193,Car Washing,seg_000295,environment.car-washing-water-conservation,reference_sheet,environment,"",General,"","Guidelines for conserving water during car washing, including using a shut-off nozzle and opting for commercial car washes that recycle water.",water conservation|car washing,use shut-off nozzle|choose water-recycling car wash,shut-off nozzle|commercial car wash,excessive water use,"",availability of water-recycling car washes,false,false,0.85
src.fema.are-you-ready.2004,seg_000296,193,194,Lawn Care,seg_000296,environment.lawn-care-water-conservation,reference_sheet,environment,"",General,"","Lawn care tips for water conservation, including watering strategies, mower blade height, and fertilizer use.",water conservation|lawn care,avoid over watering|adjust mower blade height|use slow-release fertilizers,sprinklers|lawn mower|fertilizers,over watering|inefficient sprinkler use,"",local climate conditions|availability of drought-resistant seeds,false,false,0.9
src.fema.are-you-ready.2004,seg_000297,194,194,Pool,seg_000297,environment.pool-water-conservation,reference_sheet,environment,"",General,"","Recommendations for conserving water in pools, including installing water-saving filters and using pool covers.",water conservation|pool maintenance,install water-saving filter|use pool covers,pool filter|pool cover,water loss through evaporation,"",availability of water-saving pool equipment,false,false,0.85
src.fema.are-you-ready.2004,seg_000298,196,196,Appendix B: Disaster Supplies Checklists,seg_000298,emergency.disaster-supplies-checklist,reference_sheet,emergency,"",local deployment,"",A checklist to help determine what to include in a disaster supplies kit to meet family needs.,disaster preparedness|supplies checklist|family needs,determine supplies|prepare kit,disaster supplies kit,incomplete kit|inadequate supplies,"",regional supply variations|family-specific needs,false,false,0.9
src.fema.are-you-ready.2004,seg_000299,196,196,First Aid Supplies,seg_000299,emergency-preparedness.first-aid-supplies,reference_sheet,emergency-preparedness,"",concept,"","A checklist of essential first aid supplies for home, vehicle, and work.",first aid|emergency supplies,"",adhesive bandages|sterile dressing|gauze pads|hand sanitizer|medical gloves|scissors|tweezers|thermometer,"","","",false,false,0.9
src.fema.are-you-ready.2004,seg_000300,197,197,Non-Prescription and Prescription Medicine Kit Supplies,seg_000300,emergency-preparedness.medicine-kit-supplies,reference_sheet,emergency-preparedness,"",concept,"",A checklist of non-prescription and prescription medicine supplies for emergency kits.,medicine supplies|emergency kits,"",aspirin|anti-diarrhea medication|antacid|laxative|vitamins|prescriptions|eyeglasses,"","","",false,false,0.9
src.fema.are-you-ready.2004,seg_000301,197,197,Sanitation and Hygiene Supplies,seg_000301,emergency-preparedness.sanitation-hygiene-supplies,reference_sheet,emergency-preparedness,"",concept,"",A checklist of sanitation and hygiene supplies for emergency preparedness.,sanitation|hygiene,"",washcloth|towel|hand sanitizer|toothpaste|toothbrush|shampoo|deodorant|razor|lip balm|insect repellent,"","","",false,false,0.9
src.fema.are-you-ready.2004,seg_000302,198,198,Equipment and Tools,seg_000302,emergency-preparedness.equipment-tools,reference_sheet,emergency-preparedness,"",concept,"",A checklist of equipment and tools necessary for emergency situations.,emergency equipment|tools,"",battery-powered radio|NOAA Weather Radio|flashlight|matches|shut-off wrench|duct tape|plastic sheeting|whistle|fire extinguisher,"","","",false,false,0.9
src.fema.are-you-ready.2004,seg_000303,199,199,Food and Water,seg_000303,emergency-preparedness.food-water-supplies,reference_sheet,emergency-preparedness,"",concept,"",A checklist of food and water supplies for emergency preparedness.,food supplies|water supplies,"",water|ready-to-eat foods|canned juices|high-energy foods|vitamins|special diet foods|instant coffee|cereals,"","","",false,false,0.9
src.fema.are-you-ready.2004,seg_000304,199,199,Clothes and Bedding Supplies,seg_000304,emergency-preparedness.clothes-bedding-supplies,reference_sheet,emergency-preparedness,"",reference,"",A checklist of essential clothes and bedding supplies for emergency preparedness.,emergency supplies|clothing|bedding,prepare clothing|gather bedding,clothes|shoes|rain gear|hat|gloves|socks|underwear|thermal wear|sunglasses|blankets|sleeping bags|pillows,inadequate clothing|lack of bedding,"",climate considerations|cultural clothing preferences,false,false,0.95
src.fema.are-you-ready.2004,seg_000306,200,200,Documents and Keys,seg_000306,preparedness.documents-and-keys,reference_sheet,preparedness,"",local deployment,"",A checklist of essential documents and keys to store in a watertight container for emergency preparedness.,emergency preparedness|essential documents|secure storage,store documents in watertight container|maintain updated copies,watertight container,documents damaged by water|incomplete document set,"",availability of secure storage options|local document requirements,false,false,0.95
src.fema.are-you-ready.2004,seg_000307,201,203,Appendix C,seg_000307,emergency.family-communications-plan,worksheet,emergency,"",local deployment,"","A worksheet to help families create a communications plan for emergencies, including contact information, meeting places, and important phone numbers.",family communications plan|emergency contact information|meeting places,fill out contact information|identify meeting places|update regularly,"",outdated information|incomplete contact details,"",regional meeting place|local emergency numbers,false,false,0.9
